분류-대-공정,분류-대-공정,분류-중-재료,분류-중-재료,분류-소-객체유형,분류-소-객체유형,라이브러리-라이브러리 ID(코드),라이브러리-파일명,라이브러리-확장자-rfa,라이브러리-확장자-rte,라이브러리-명칭,라이브러리-명칭(유형명),조달청 표준공사코드-세부공종코드(전체),조달청 표준공사코드-세부공종코드(추가),관련규격-KBIMS 부위분류,비고
FN000,가구 및 장비,,,,,,,,,,,,,E81,
FN100,공통 ,,,,,,,,,,,,,E81,
,,110.0,휴식용 가구,,,,,,,,,,,E81,
,,,,111.0,의자,,,,,,,APA,,E81,
,,,,,,FN111,FN111-의자(일반),○,,400x400,FN111-의자(일반) 400x400,APA,,E81,의자 사이즈별 추가 가능
,,,,,,,,○,,450x450,FN111-의자(일반) 450x450,APA,,E81,
,,,,,,FN111,FN111-의자(팔걸이형),○,,400x400,FN111-의자(팔걸이형) 400x400,APA,,E81,
,,,,,,,,○,,450x450,FN111-의자(팔걸이형) 450x450,APA,,E81,
,,,,,,FN111,FN111-스툴(일반),○,,380x300,FN111-스툴(일반) 380x300,APA,,E81,
,,,,,,,,○,,380x440,FN111-스툴(일반) 380x440,APA,,E81,
,,,,,,FN111,FN111-스툴(바),○,,380x300,FN111-스툴(바) 380x300,APA,,E81,
,,,,,,,,○,,380x440,FN111-스툴(바) 380x440,APA,,E81,
,,,,,,FN111,FN111-실내 벤치,○,,960x380,FN111-실내 벤치 960x380,APA,,E81,
,,,,,,,,○,,1300x380,FN111-실내 벤치 1300x380,APA,,E81,
,,,,,,,,○,,1800x450,FN111-실내 벤치 1800x450,APA,,E81,
,,,,,,FN111,FN111-바스툴 돔 고정형,○,,650x650x500,FN111-바스툴 돔 고정형 650x650x500,APA,,E81,
,,,,,,,,○,,650x650x600,FN111-바스툴 돔 고정형 650x650x600,APA,,E81,
,,,,,,,,○,,650x650x700,FN111-바스툴 돔 고정형 650x650x700,APA,,E81,
,,,,,,,,○,,풋링 650x650x700,FN111-바스툴 돔 고정형 풋링 650x650x700,APA,,E81,
,,,,,,,,○,,풋링 650x650x800,FN111-바스툴 돔 고정형 풋링 650x650x800,APA,,E81,
,,,,,,,,○,,풋링 650x650x900,FN111-바스툴 돔 고정형 풋링 650x650x900,APA,,E81,
,,,,,,FN111,FN111-바스툴 돔 이동형,○,,650x650x500,FN111-바스툴 돔 이동형 650x650x500,APA,,E81,
,,,,,,,,○,,650x650x600,FN111-바스툴 돔 이동형 650x650x600,APA,,E81,
,,,,,,,,○,,650x650x700,FN111-바스툴 돔 이동형 650x650x700,APA,,E81,
,,,,,,,,○,,풋링 650x650x700,FN111-바스툴 돔 이동형 풋링 650x650x700,APA,,E81,
,,,,,,,,○,,풋링 650x650x800,FN111-바스툴 돔 이동형 풋링 650x650x800,APA,,E81,
,,,,,,,,○,,풋링 650x650x900,FN111-바스툴 돔 이동형 풋링 650x650x900,APA,,E81,
,,,,,,FN111,FN111-바스툴 웨이브 고정형,○,,650x650x600,FN111-바스툴 웨이브 고정형 650x650x600,APA,,E81,
,,,,,,,,○,,650x650x700,FN111-바스툴 웨이브 고정형 650x650x700,APA,,E81,
,,,,,,,,○,,650x650x800,FN111-바스툴 웨이브 고정형 650x650x800,APA,,E81,
,,,,,,,,○,,풋링 650x650x800,FN111-바스툴 웨이브 고정형 풋링 650x650x800,APA,,E81,
,,,,,,,,○,,풋링 650x650x900,FN111-바스툴 웨이브 고정형 풋링 650x650x900,APA,,E81,
,,,,,,,,○,,풋링 650x650x1000,FN111-바스툴 웨이브 고정형 풋링 650x650x1000,APA,,E81,
,,,,,,FN111,FN111-바스툴 웨이브 이동형,○,,650x650x600,FN111-바스툴 웨이브 이동형 650x650x600,APA,,E81,
,,,,,,,,○,,650x650x700,FN111-바스툴 웨이브 이동형 650x650x700,APA,,E81,
,,,,,,,,○,,650x650x800,FN111-바스툴 웨이브 이동형 650x650x800,APA,,E81,
,,,,,,,,○,,풋링 650x650x800,FN111-바스툴 웨이브 이동형 풋링 650x650x800,APA,,E81,
,,,,,,,,○,,풋링 650x650x900,FN111-바스툴 웨이브 이동형 풋링 650x650x900,APA,,E81,
,,,,,,,,○,,풋링 650x650x1000,FN111-바스툴 웨이브 이동형 풋링 650x650x1000,APA,,E81,
,,,,,,FN111,FN111-바스툴 웨이브등받이 고정형,○,,650x650x600,FN111-바스툴 웨이브등받이 고정형 650x650x600,APA,,E81,
,,,,,,,,○,,650x650x700,FN111-바스툴 웨이브등받이 고정형 650x650x700,APA,,E81,
,,,,,,,,○,,650x650x800,FN111-바스툴 웨이브등받이 고정형 650x650x800,APA,,E81,
,,,,,,,,○,,풋링 650x650x800,FN111-바스툴 웨이브등받이 고정형 풋링 650x650x800,APA,,E81,
,,,,,,,,○,,풋링 650x650x900,FN111-바스툴 웨이브등받이 고정형 풋링 650x650x900,APA,,E81,
,,,,,,,,○,,풋링 650x650x1000,FN111-바스툴 웨이브등받이 고정형 풋링 650x650x1000,APA,,E81,
,,,,,,FN111,FN111-바스툴 웨이브등받이 이동형,○,,650x650x600,FN111-바스툴 웨이브등받이 이동형 650x650x600,APA,,E81,
,,,,,,,,○,,650x650x700,FN111-바스툴 웨이브등받이 이동형 650x650x700,APA,,E81,
,,,,,,,,○,,650x650x800,FN111-바스툴 웨이브등받이 이동형 650x650x800,APA,,E81,
,,,,,,,,○,,풋링 650x650x800,FN111-바스툴 웨이브등받이 이동형 풋링 650x650x800,APA,,E81,
,,,,,,,,○,,풋링 650x650x900,FN111-바스툴 웨이브등받이 이동형 풋링 650x650x900,APA,,E81,
,,,,,,,,○,,풋링 650x650x1000,FN111-바스툴 웨이브등받이 이동형 풋링 650x650x1000,APA,,E81,
,,,,,,FN111,FN111-대기실 의자,○,,1600x800,FN111-대기실 의자 1600x800,APA,,E81,
,,,,,,FN111,FN111-로비의자 원형,○,,2인용 900x500x610,FN111-로비의자 원형 2인용 900x500x610,APA,,E81,
,,,,,,,,○,,3인용 1300x500x610,FN111-로비의자 원형 3인용 1300x500x610,APA,,E81,
,,,,,,,,○,,4인용 1800x500x610,FN111-로비의자 원형 4인용 1800x500x610,APA,,E81,
,,,,,,,,○,,5인용 2200x500x610,FN111-로비의자 원형 5인용 2200x500x610,APA,,E81,
,,,,,,,,○,,테블릿 2인용 1400x500x610,FN111-로비의자 원형 테블릿 2인용 1400x500x610,APA,,E81,
,,,,,,,,○,,테블릿 3인용 1800x500x610,FN111-로비의자 원형 테블릿 3인용 1800x500x610,APA,,E81,
,,,,,,,,○,,테블릿 4인용 2300x500x610,FN111-로비의자 원형 테블릿 4인용 2300x500x610,APA,,E81,
,,,,,,,,○,,테블릿 5인용 2700x500x610,FN111-로비의자 원형 테블릿 5인용 2700x500x610,APA,,E81,
,,,,,,FN111,FN111-로비의자 각형,○,,2인용 1000x500x905,FN111-로비의자 각형 2인용 1000x500x905,APA,,E81,
,,,,,,,,○,,3인용 1500x500x905,FN111-로비의자 각형 3인용 1500x500x905,APA,,E81,
,,,,,,,,○,,4인용 2000x500x905,FN111-로비의자 각형 4인용 2000x500x905,APA,,E81,
,,,,,,,,○,,5인용 2500x500x905,FN111-로비의자 각형 5인용 2500x500x905,APA,,E81,
,,,,,,,,○,,테블릿 2인용 1500x500x905,FN111-로비의자 각형 테블릿 2인용 1500x500x905,APA,,E81,
,,,,,,,,○,,테블릿 3인용 2000x500x905,FN111-로비의자 각형 테블릿 3인용 2000x500x905,APA,,E81,
,,,,,,,,○,,테블릿 4인용 2500x500x905,FN111-로비의자 각형 테블릿 4인용 2500x500x905,APA,,E81,
,,,,,,,,○,,테블릿 5인용 3000x500x905,FN111-로비의자 각형 테블릿 5인용 3000x500x905,APA,,E81,
,,,,113.0,소파,,,,,,,,,E81,
,,,,,,FN113,FN113-소파(1인용),○,,750x900,FN113-소파(1인용) 750x900,APA,,E81,"소파 재료별 추가 가능 (가죽, 패브릭 등)"
,,,,,,,,○,,760x850,FN113-소파(1인용) 760x850,APA,,E81,
,,,,,,FN113,FN113-소파(2인용),○,,1360x860,FN113-소파(2인용) 1360x860,APA,,E81,
,,,,,,,,○,,1460x850,FN113-소파(2인용) 1460x850,APA,,E81,
,,,,,,FN113,FN113-소파(3인용),○,,1900x900,FN113-소파(3인용) 1900x900,APA,,E81,
,,,,,,,,○,,2100x950,FN113-소파(3인용) 2100x950,APA,,E81,
,,,,,,FN113,FN113-소파(4인용),○,,2900x950,FN113-소파(4인용) 2900x950,APA,,E81,
,,,,,,,,○,,2850x1000,FN113-소파(4인용) 2850x1000,APA,,E81,
,,,,,,FN113,FN113-소파 스툴,○,,620x660x480,FN113-소파 스툴 620x660x480,APA,,E81,
,,,,,,,,○,,760x610x440,FN113-소파 스툴 760x610x440,APA,,E81,
,,,,,,,,○,,850x650x400,FN113-소파 스툴 850x650x400,APA,,E81,
,,,,,,FN113,FN113-소파 세트 Type 1,○,,(좌형),FN113-소파 세트 Type 1 (좌형),APA,,E81,"3+1, 'ㄱ'자"
,,,,,,,,○,,(우형),FN113-소파 세트 Type 1 (우형),APA,,E81,
,,,,,,FN113,FN113-소파 세트 Type 2,○,,,FN113-소파 세트 Type 2 ,APA,,E81,"4+1, 'ㄱ'자"
,,,,,,FN113,FN113-소파 세트 Type 3,,,,FN113-소파 세트 Type 3 ,,,E81,"3+1+1, 'ㄷ'자"
,,,,114.0,테이블,,,,,,,,,E81,
,,,,,,FN114,FN114-소파테이블(각형),○,,900x600,FN114-소파테이블(각형) 900x600,APA,,E81,
,,,,,,,,○,,800x800,FN114-소파테이블(각형) 800x800,APA,,E81,
,,,,,,,,○,,1200x600,FN114-소파테이블(각형) 1200x600,APA,,E81,
,,,,,,FN114,FN114-소파테이블(원형),○,,D800,FN114-소파테이블(원형) D800,APA,,E81,
,,,,,,,,○,,D900,FN114-소파테이블(원형) D900,APA,,E81,
,,,,,,FN114,FN114-사이드테이블(각형),○,,400x400,FN114-사이드테이블(각형) 400x400,APA,,E81,
,,,,,,,,○,,450x450,FN114-사이드테이블(각형) 450x450,APA,,E81,
,,,,,,FN114,FN114-사이드테이블(원형),○,,D360,FN114-사이드테이블(원형) D360,APA,,E81,
,,,,,,,,○,,D500,FN114-사이드테이블(원형) D500,APA,,E81,
,,,,115.0,쿠션,,,,,,,APA,,E81,
,,,,,,FN115,FN115-쿠션,○,,400x400,FN115-쿠션 400x400,APA,,E81,
,,,,,,,,,,,,,,E81,
,,120.0,업무용 가구,,,,,,,,,,,E81,
,,,,121.0,업무의자,,,,,,,,,E81,
,,,,,,FN121,FN121-사무용 의자,○,,600x600,FN121-사무용 의자 600x600,APA,,E81,
,,,,,,FN121,FN121-사무용 의자(헤드),○,,600x600,FN121-사무용 의자(헤드) 600x600,APA,,E81,
,,,,,,FN121,"FN121-회의용 의자(회전, 일반)",○,,550x550,"FN121-회의용 의자(회전, 일반) 550x550",APA,,E81,
,,,,,,FN121,"FN121-회의용 의자(회전, 팔걸이)",○,,600x550,"FN121-회의용 의자(회전, 팔걸이) 600x550",APA,,E81,
,,,,,,FN121,"FN121-회의용 의자(고정, 일반)",○,,550x550,"FN121-회의용 의자(고정, 일반) 550x550",APA,,E81,
,,,,,,FN121,"FN121-회의용 의자(고정, 팔걸이)",○,,600x550,"FN121-회의용 의자(고정, 팔걸이) 600x550",APA,,E81,
,,,,,,FN121,FN121-접이식 의자,,,510x490,FN121-접이식 의자 510x490,APA,,E81,
,,,,,,FN121,FN121-사무의자 고정,,,,,APA,,E81,
,,,,,,,,○,,535x625,FN121-사무의자 고정 535x625,APA,,E81,
,,,,,,,,○,,팔걸이 535x625,FN121-사무의자 고정 팔걸이 535x625,APA,,E81,
,,,,,,,,○,,헤드 535x625,FN121-사무의자 고정 헤드 535x625,APA,,E81,
,,,,,,,,○,,팔걸이 헤드 535x625,FN121-사무의자 고정 팔걸이 헤드 535x625,APA,,E81,
,,,,,,FN121,FN121-사무의자 회전,,,,,APA,,E81,
,,,,,,,,○,,670x700,FN121-사무의자 회전 670x700,APA,,E81,
,,,,,,,,○,,팔걸이 670x700,FN121-사무의자 회전 팔걸이 670x700,APA,,E81,
,,,,,,,,○,,헤드 670x700,FN121-사무의자 회전 헤드 670x700,APA,,E81,
,,,,,,,,○,,팔걸이 헤드 670x700,FN121-사무의자 회전 팔걸이 헤드 670x700,APA,,E81,
,,,,,,FN121,FN121-사무의자 등받이일체형 고정,,,,,APA,,E81,
,,,,,,,,○,,580x680,FN121-사무의자 등받이일체형 고정 580x680,APA,,E81,
,,,,,,,,○,,팔걸이 580x680,FN121-사무의자 등받이일체형 고정 팔걸이 580x680,APA,,E81,
,,,,,,,,○,,헤드 580x680,FN121-사무의자 등받이일체형 고정 헤드 580x680,APA,,E81,
,,,,,,,,○,,팔걸이 헤드 580x680,FN121-사무의자 등받이일체형 고정 팔걸이 헤드 580x680,APA,,E81,
,,,,,,FN121,FN121-사무의자 등받이일체형 회전,,,,,APA,,E81,
,,,,,,,,○,,670x700,FN121-사무의자 등받이일체형 회전 670x700,APA,,E81,
,,,,,,,,○,,팔걸이 670x700,FN121-사무의자 등받이일체형 회전 팔걸이 670x700,APA,,E81,
,,,,,,,,○,,헤드 670x700,FN121-사무의자 등받이일체형 회전 헤드 670x700,APA,,E81,
,,,,,,,,○,,팔걸이 헤드 670x700,FN121-사무의자 등받이일체형 회전 팔걸이 헤드 670x700,APA,,E81,
,,,,122.0,업무수행 테이블,,,,,,,APA,,E81,
,,,,,,FN122,FN122-업무용 책상(일자형),○,,800x600,FN122-업무용 책상(일자형) 800x600,APA,,E81,
,,,,,,,,○,,800x700,FN122-업무용 책상(일자형) 800x700,APA,,E81,
,,,,,,,,○,,800x800,FN122-업무용 책상(일자형) 800x800,APA,,E81,
,,,,,,,,○,,1000x600,FN122-업무용 책상(일자형) 1000x600,APA,,E81,
,,,,,,,,○,,1000x700,FN122-업무용 책상(일자형) 1000x700,APA,,E81,
,,,,,,,,○,,1000x800,FN122-업무용 책상(일자형) 1000x800,APA,,E81,
,,,,,,,,○,,1200x600,FN122-업무용 책상(일자형) 1200x600,APA,,E81,
,,,,,,,,○,,1200x700,FN122-업무용 책상(일자형) 1200x700,APA,,E81,
,,,,,,,,○,,1200x800,FN122-업무용 책상(일자형) 1200x800,APA,,E81,
,,,,,,,,○,,1400x600,FN122-업무용 책상(일자형) 1400x600,APA,,E81,
,,,,,,,,○,,1400x700,FN122-업무용 책상(일자형) 1400x700,APA,,E81,
,,,,,,,,○,,1400x800,FN122-업무용 책상(일자형) 1400x800,APA,,E81,
,,,,,,,,○,,1600x600,FN122-업무용 책상(일자형) 1600x600,APA,,E81,
,,,,,,,,○,,1600x700,FN122-업무용 책상(일자형) 1600x700,APA,,E81,
,,,,,,,,○,,1600x800,FN122-업무용 책상(일자형) 1600x800,APA,,E81,
,,,,,,,,○,,1800x600,FN122-업무용 책상(일자형) 1800x600,APA,,E81,
,,,,,,,,○,,1800x700,FN122-업무용 책상(일자형) 1800x700,APA,,E81,
,,,,,,,,○,,1800x800,FN122-업무용 책상(일자형) 1800x800,APA,,E81,
,,,,,,,,○,,2000x600,FN122-업무용 책상(일자형) 2000x600,APA,,E81,
,,,,,,,,○,,2000x700,FN122-업무용 책상(일자형) 2000x700,APA,,E81,
,,,,,,,,○,,2000x800,FN122-업무용 책상(일자형) 2000x800,APA,,E81,
,,,,,,FN122,FN122-업무용 책상(L형),○,,1400x1200 좌형,FN122-업무용 책상(L형) 1400x1200 좌형,APA,,E81,
,,,,,,,,○,,1400x1200 우형,FN122-업무용 책상(L형) 1400x1200 우형,APA,,E81,
,,,,,,,,○,,1600x1200 좌형,FN122-업무용 책상(L형) 1600x1200 좌형,APA,,E81,
,,,,,,,,○,,1600x1200 우형,FN122-업무용 책상(L형) 1600x1200 우형,APA,,E81,
,,,,,,,,○,,1800x1200 좌형,FN122-업무용 책상(L형) 1800x1200 좌형,APA,,E81,
,,,,,,,,○,,1800x1200 우형,FN122-업무용 책상(L형) 1800x1200 우형,APA,,E81,
,,,,,,FN122,FN122-회의용 책상(각형),○,,1500x900,FN122-회의용 책상(각형) 1500x900,APA,,E81,
,,,,,,,,○,,1800x900,FN122-회의용 책상(각형) 1800x900,APA,,E81,
,,,,,,,,○,,2400x1200,FN122-회의용 책상(각형) 2400x1200,APA,,E81,
,,,,,,,,○,,3600x1200,FN122-회의용 책상(각형) 3600x1200,APA,,E81,
,,,,,,FN122,FN122-회의용 책상(원형),○,,D900,FN122-회의용 책상(원형) D900,APA,,E81,
,,,,,,,,○,,D1050,FN122-회의용 책상(원형) D1050,APA,,E81,
,,,,,,,,○,,D1200,FN122-회의용 책상(원형) D1200,APA,,E81,
,,,,,,FN122,FN122-회의실 원형 테이블 세트 4인용,○,,,FN122-회의실 원형 테이블 세트 4인용 ,APA,,E81,
,,,,,,FN122,FN122-회의실 원형 테이블 세트 5인용,○,,,FN122-회의실 원형 테이블 세트 5인용 ,APA,,E81,
,,,,,,FN122,FN122-회의실 원형 테이블 세트 6인용,○,,,FN122-회의실 원형 테이블 세트 6인용 ,APA,,E81,
,,,,,,FN122,FN122-회의실 사각 테이블 세트 4인용 Type 1,○,,,FN122-회의실 사각 테이블 세트 4인용 Type 1 ,APA,,E81,
,,,,,,FN122,FN122-회의실 사각 테이블 세트 4인용 Type 2,○,,,FN122-회의실 사각 테이블 세트 4인용 Type 2 ,APA,,E81,
,,,,,,FN122,FN122-회의실 사각 테이블 세트 6인용,○,,,FN122-회의실 사각 테이블 세트 6인용 ,APA,,E81,
,,,,,,FN122,FN122-회의실 사각 테이블 세트 8인용,○,,,FN122-회의실 사각 테이블 세트 8인용 ,APA,,E81,
,,,,,,FN122,FN122-회의실 테이블 세트 11인용,○,,,FN122-회의실 테이블 세트 11인용 ,APA,,E81,
,,,,,,FN122,FN122-회의실 테이블 세트 12인용,○,,,FN122-회의실 테이블 세트 12인용 ,APA,,E81,
,,,,,,FN122,FN122-접이식 테이블,,,700x500,FN122-접이식 테이블 700x500,APA,,E81,
,,,,,,,,,,1200x500,FN122-접이식 테이블 1200x500,APA,,E81,
,,,,,,,,,,1400x500,FN122-접이식 테이블 1400x500,APA,,E81,
,,,,,,,,,,1600x500,FN122-접이식 테이블 1600x500,APA,,E81,
,,,,,,,,,,1800x500,FN122-접이식 테이블 1800x500,APA,,E81,
,,,,,,,,,,,,,,E81,
,,,,,,FN122,FN122-회의 테이블 일반(단독형),○,,1600x750x750,FN122-회의 테이블 일반(단독형) 1600x750x750,APA,,E81,
,,,,,,,FN122-회의 테이블 일반(스타터),○,,1600x750x750,FN122-회의 테이블 일반(스타터) 1600x750x750,APA,,E81,
,,,,,,,FN122-회의 테이블 일반(애더),○,,1600x750x750,FN122-회의 테이블 일반(애더) 1600x750x750,APA,,E81,
,,,,,,,FN122-회의 테이블 일반(엔더),○,,1600x750x750,FN122-회의 테이블 일반(엔더) 1600x750x750,APA,,E81,
,,,,,,,FN122-회의 테이블 코너 상석,○,,2195x750x750,FN122-회의 테이블 코너 상석 2195x750x750,APA,,E81,
,,,,,,,FN122-회의 테이블 코너(스타터),○,,2000x750x750,FN122-회의 테이블 코너(스타터) 2000x750x750,APA,,E81,
,,,,,,,FN122-회의 테이블 코너(애더 직선),○,,2000x750x750,FN122-회의 테이블 코너(애더 직선) 2000x750x750,APA,,E81,
,,,,,,,FN122-회의 테이블 코너(애더 코너),○,,2000x750x750,FN122-회의 테이블 코너(애더 코너) 2000x750x750,APA,,E81,
,,,,,,,FN122-회의 테이블 코너(엔더),○,,2000x750x750,FN122-회의 테이블 코너(엔더) 2000x750x750,APA,,E81,
,,,,,,,FN122-회의 테이블 세트(3인) Type 1,○,,2600x3400,FN122-회의 테이블 세트(3인) Type 1 2600x3400,APA,,E81,
,,,,,,,FN122-회의 테이블 세트(3인) Type 2,○,,4800x1400,FN122-회의 테이블 세트(3인) Type 2 4800x1400,APA,,E81,
,,,,,,,FN122-회의 테이블 세트(4인),○,,3500x3500,FN122-회의 테이블 세트(4인) 3500x3500,APA,,E81,
,,,,,,,FN122-회의 테이블 세트(5인),○,,4200x3400,FN122-회의 테이블 세트(5인) 4200x3400,APA,,E81,
,,,,,,,FN122-회의 테이블 세트(6인),○,,5200x3400,FN122-회의 테이블 세트(6인) 5200x3400,APA,,E81,
,,,,,,,FN122-회의 테이블 세트(7인),○,,5800x3400,FN122-회의 테이블 세트(7인) 5800x3400,APA,,E81,
,,,,,,,FN122-회의 테이블 세트(8인) Type 1,○,,5200x5200,FN122-회의 테이블 세트(8인) Type 1 5200x5200,APA,,E81,
,,,,,,,FN122-회의 테이블 세트(8인) Type 2,○,,6800x3400,FN122-회의 테이블 세트(8인) Type 2 6800x3400,APA,,E81,
,,,,,,,FN122-회의 테이블 세트(10인),○,,6800x5200,FN122-회의 테이블 세트(10인) 6800x5200,APA,,E81,
,,,,,,,,,,,,,,E81,
,,,,,,,,,,,,,,E81,
,,,,,,,,,,,,,,E81,
,,,,,,,,,,,,,,E81,
,,,,,,,,,,,,,,E81,
,,,,,,,,,,,,,,E81,
,,130.0,보관용 가구,,,,,,,,,,,E81,
,,,,131.0,옷장,FN131,FN131-옷장,○,,800x600,FN131-옷장 800x600,APA143,,E81,
,,,,,,,,○,,1200x600,FN131-옷장 1200x600,APA143,,E81,
,,,,,,,,○,,2400x600,FN131-옷장 2400x600,APA143,,E81,
,,,,,,,,○,,2700x600,FN131-옷장 2700x600,APA143,,E81,
,,,,,,,,○,,3000x600,FN131-옷장 3000x600,APA143,,E81,
,,,,,,,,○,,3200x600,FN131-옷장 3200x600,APA143,,E81,
,,,,,,,,,,,,,,E81,
,,,,,,,,,,,,,,E81,
,,,,132.0,서랍장,FN132,FN132-서랍장(3단),○,,800x500,FN132-서랍장(3단) 800x500,APA143,,E81,
,,,,,,,,○,,1200x500,FN132-서랍장(3단) 1200x500,APA143,,E81,
,,,,,,FN132,FN132-서랍장(5단),○,,800x500,FN132-서랍장(5단) 800x500,,,E81,
,,,,,,,,○,,1200x500,FN132-서랍장(5단) 1200x500,,,E81,
,,,,,,FN132,FN132-업무용 서랍장,○,,400x550,FN132-업무용 서랍장 400x550,,,E81,
,,,,133.0,책장,FN133,FN133-책장,,,(2단) 800x320x820,FN133-책장 (2단) 800x320x820,APA143,,E81,
,,,,,,,,,,(3단) 800x320x1200,FN133-책장 (2단) 800x320x820,APA143,,E81,
,,,,,,,,,,(4단) 800x320x1550,FN133-책장 (2단) 800x320x820,APA143,,E81,
,,,,,,,,,,(5단) 800x320x1900,FN133-책장 (2단) 800x320x820,APA143,,E81,
,,,,,,,,,,(6단) 800x320x2215,FN133-책장 (2단) 800x320x820,APA143,,E81,
,,,,,,FN133,FN133-Bookcase,,,,,,,E81,
,,,,,,,,○,,2단 2칸 600x292x721,FN133-Bookcase 2단 2칸 600x292x721,APA143,,E81,
,,,,,,,,○,,2단 4칸 800x292x721,FN133-Bookcase 2단 4칸 800x292x721,APA143,,E81,
,,,,,,,,○,,3단 3칸 600x292x1054.5,FN133-Bookcase 3단 3칸 600x292x1054.5,APA143,,E81,
,,,,,,,,○,,3단 6칸 800x292x1054.5,FN133-Bookcase 3단 6칸 800x292x1054.5,APA143,,E81,
,,,,,,,,○,,4단 4칸 400x292x1388,FN133-Bookcase 4단 4칸 400x292x1388,APA143,,E81,
,,,,,,,,○,,4단 4칸 600x292x1388,FN133-Bookcase 4단 4칸 600x292x1388,APA143,,E81,
,,,,,,,,○,,4단 8칸 800x292x1388,FN133-Bookcase 4단 8칸 800x292x1388,APA143,,E81,
,,,,,,,,○,,6단 6칸 400x292x2055,FN133-Bookcase 6단 6칸 400x292x2055,APA143,,E81,
,,,,,,,,○,,6단 6칸 600x292x2055,FN133-Bookcase 6단 6칸 600x292x2055,APA143,,E81,
,,,,,,,,○,,6단 12칸 800x292x2055,FN133-Bookcase 6단 12칸 800x292x2055,APA143,,E81,
,,,,134.0,파일 캐비닛,FN134,FN134-파일 캐비닛,○,,850x350,FN134-파일 캐비닛 850x350,APA143,,E81,
,,,,,,,,○,,850x450,FN134-파일 캐비닛 850x450,APA143,,E81,
,,,,,,,,○,,850x510,FN134-파일 캐비닛 850x510,APA143,,E81,
,,,,,,FN134,FN134-캐비닛,○,,800x419x809,FN134-캐비닛 800x419x809,APA143,,E81,
,,,,,,,,○,,800x419x1162,FN134-캐비닛 800x419x1162,APA143,,E81,
,,,,,,,,○,,800x419x1515,FN134-캐비닛 800x419x1515,APA143,,E81,
,,,,,,,,○,,800x419x1868,FN134-캐비닛 800x419x1868,APA143,,E81,
,,,,,,,,○,,800x419x2221,FN134-캐비닛 800x419x2221,APA143,,E81,
,,,,135.0,철제사물함,FN135,FN135-철제사물함 1칸,○,,450x510x1780,FN135-철제사물함 1칸 450x510x1780,APA143,,E81,
,,,,,,FN135,FN135-철제사물함 2칸,○,,610x510x1780,FN135-철제사물함 2칸 610x510x1780,APA143,,E81,
,,,,,,FN135,FN135-철제사물함 3칸,○,,900x510x1780,FN135-철제사물함 3칸 900x510x1780,APA143,,E81,
,,,,136.0,욕실장,FN136,FN136-욕실장(슬라이딩형),○,,400x170x800,FN136-욕실장(슬라이딩형) 400x170x800,APA142,,E81,
,,,,,,,,○,,600x170x800,FN136-욕실장(슬라이딩형) 600x170x800,APA142,,E81,
,,,,,,,,○,,500x170x700,FN136-욕실장(슬라이딩형) 500x170x700,APA142,,E81,
,,,,,,FN136,FN136-욕실장(여닫이형),○,,400x170x800,FN136-욕실장(여닫이형) 400x170x800,APA142,,E81,
,,,,,,,,○,,600x170x800,FN136-욕실장(여닫이형) 600x170x800,APA142,,E81,
,,,,,,,,,,,,,,E81,
,,,,137.0,도어 캐비닛,FN137,FN137-도어캐비닛 외문,,,,,APA143,,E81,
,,,,,도어 캐비닛,,,○,,2단 600x400x800,FN137-도어캐비닛 외문 2단 600x400x800,APA143,,E81,
,,,,,,,,○,,3단 600x400x1150,FN137-도어캐비닛 외문 3단 600x400x1150,APA143,,E81,
,,,,,,,,○,,4단 600x400x1660,FN137-도어캐비닛 외문 4단 600x400x1660,APA143,,E81,
,,,,,,,,○,,5단 600x400x2000,FN137-도어캐비닛 외문 5단 600x400x2000,APA143,,E81,
,,,,,,,,○,,6단 600x400x2350,FN137-도어캐비닛 외문 6단 600x400x2350,APA143,,E81,
,,,,,,FN137,FN137-도어캐비닛 양문,,,,,APA143,,E81,
,,,,,,,,○,,2단 800x400x800,FN137-도어캐비닛 양문 2단 800x400x800,APA143,,E81,
,,,,,,,,○,,3단 800x400x1150,FN137-도어캐비닛 양문 3단 800x400x1150,APA143,,E81,
,,,,,,,,○,,4단 800x400x1660,FN137-도어캐비닛 양문 4단 800x400x1660,APA143,,E81,
,,,,,,,,○,,5단 800x400x2000,FN137-도어캐비닛 양문 5단 800x400x2000,APA143,,E81,
,,,,,,,,○,,6단 800x400x2350,FN137-도어캐비닛 양문 6단 800x400x2350,APA143,,E81,
,,,,,,FN137,FN137-유리도어캐비닛 양문,,,,,APA143,,E81,
,,,,,,,,○,,2단 800x400x800,FN137-유리도어캐비닛 양문 2단 800x400x800,APA143,,E81,
,,,,,,,,○,,3단 800x400x1150,FN137-유리도어캐비닛 양문 3단 800x400x1150,APA143,,E81,
,,,,,,,,○,,4단 800x400x1660,FN137-유리도어캐비닛 양문 4단 800x400x1660,APA143,,E81,
,,,,,,,,○,,5단 800x400x2000,FN137-유리도어캐비닛 양문 5단 800x400x2000,APA143,,E81,
,,,,,,,,○,,6단 800x400x2350,FN137-유리도어캐비닛 양문 6단 800x400x2350,APA143,,E81,
,,,,,,FN137,FN137-상부오픈 하부도어캐비닛 외문,,,,,APA143,,E81,
,,,,,,,,○,,4단 500x400x1660,FN137-상부오픈 하부도어캐비닛 외문 4단 500x400x1660,APA143,,E81,
,,,,,,,,○,,5단 500x400x2000,FN137-상부오픈 하부도어캐비닛 외문 5단 500x400x2000,APA143,,E81,
,,,,,,,,○,,6단 500x400x2350,FN137-상부오픈 하부도어캐비닛 외문 6단 500x400x2350,APA143,,E81,
,,,,,,FN137,FN137-상부오픈 하부도어캐비닛 양문,,,,,APA143,,E81,
,,,,,,,,○,,4단 800x400x1660,FN137-상부오픈 하부도어캐비닛 양문 4단 800x400x1660,APA143,,E81,
,,,,,,,,○,,5단 800x400x2000,FN137-상부오픈 하부도어캐비닛 양문 5단 800x400x2000,APA143,,E81,
,,,,,,,,○,,6단 800x400x2350,FN137-상부오픈 하부도어캐비닛 양문 6단 800x400x2350,APA143,,E81,
,,,,,,FN137,FN137-상부유리 하부도어캐비닛 외문,,,,,APA143,,E81,
,,,,,,,,○,,4단 500x400x1660,FN137-상부유리 하부도어캐비닛 외문 4단 500x400x1660,APA143,,E81,
,,,,,,,,○,,5단 500x400x2000,FN137-상부유리 하부도어캐비닛 외문 5단 500x400x2000,APA143,,E81,
,,,,,,,,○,,6단 500x400x2350,FN137-상부유리 하부도어캐비닛 외문 6단 500x400x2350,APA143,,E81,
,,,,,,FN137,FN137-상부유리 하부도어캐비닛 양문,,,,,APA143,,E81,
,,,,,,,,○,,4단 800x400x1660,FN137-상부유리 하부도어캐비닛 양문 4단 800x400x1660,APA143,,E81,
,,,,,,,,○,,5단 800x400x2000,FN137-상부유리 하부도어캐비닛 양문 5단 800x400x2000,APA143,,E81,
,,,,,,,,○,,6단 800x400x2350,FN137-상부유리 하부도어캐비닛 양문 6단 800x400x2350,APA143,,E81,
,,,,,,FN137,FN137-중간오픈 도어캐비닛 외문,,,,,APA143,,E81,
,,,,,,,,○,,4단 600x400x1660,FN137-중간오픈 도어캐비닛 외문 4단 600x400x1660,APA143,,E81,
,,,,,,,,○,,5단 600x400x2000,FN137-중간오픈 도어캐비닛 외문 5단 600x400x2000,APA143,,E81,
,,,,,,,,○,,6단 600x400x2350,FN137-중간오픈 도어캐비닛 외문 6단 600x400x2350,APA143,,E81,
,,,,,,FN137,FN137-중간오픈 도어캐비닛 양문,,,,,APA143,,E81,
,,,,,,,,○,,4단 800x400x1660,FN137-중간오픈 도어캐비닛 양문 4단 800x400x1660,APA143,,E81,
,,,,,,,,○,,5단 800x400x2000,FN137-중간오픈 도어캐비닛 양문 5단 800x400x2000,APA143,,E81,
,,,,,,,,○,,6단 800x400x2350,FN137-중간오픈 도어캐비닛 양문 6단 800x400x2350,APA143,,E81,
,,,,,,,,,,,,,,E81,
,,,,138.0,헹거,FN138,FN138-2단 행거,,,,,APA12,,E81,
,,,,,,,,○,,800x370x1995,FN138-2단 행거 800x370x1995,APA12,,E81,
,,,,,,,,○,,800x470x1995,FN138-2단 행거 800x470x1995,APA12,,E81,
,,,,,,,FN138-서랍 행거,,,,,APA12,,E81,
,,,,,,,,○,,800x370x1995,FN138-서랍 행거 800x370x1995,APA12,,E81,
,,,,,,,,○,,800x470x1995,FN138-서랍 행거 800x470x1995,APA12,,E81,
,,,,,,,FN138-선반 행거,,,,,APA12,,E81,
,,,,,,,,○,,800x370x1995,FN138-선반 행거 800x370x1995,APA12,,E81,
,,,,,,,,○,,800x470x1995,FN138-선반 행거 800x470x1995,APA12,,E81,
,,,,,,,FN138-선반확장 행거,,,,,APA12,,E81,
,,,,,,,,○,,1200x370x1995,FN138-선반확장 행거 1200x370x1995,APA12,,E81,
,,,,,,,,○,,1200x470x1995,FN138-선반확장 행거 1200x470x1995,APA12,,E81,
,,,,,,,FN138-코너 행거,,,,,APA12,,E81,
,,,,,,,,○,,760(370)x760(370)x1995,FN138-코너 행거 760(370)x760(370)x1995,APA12,,E81,
,,,,,,,,○,,760(470)x760(470)x1995,FN138-코너 행거 760(470)x760(470)x1995,APA12,,E81,
,,,,,,,"FN138-시스템 행거(선반, 서랍)",○,,1600x370x1995,"FN138-시스템 행거(선반, 서랍) 1600x370x1995",APA12,,E81,
,,,,,,,"FN138-시스템 행거(선반확장, 서랍) ",○,,2000x370x1995,"FN138-시스템 행거(선반확장, 서랍)  2000x370x1995",APA12,,E81,
,,,,,,,"FN138-시스템 행거(선반확장, 선반) ",○,,2000x370x1995,"FN138-시스템 행거(선반확장, 선반)  2000x370x1995",APA12,,E81,
,,,,,,,FN138-시스템 행거(선반확장x2) ,○,,2400x370x1995,FN138-시스템 행거(선반확장x2)  2400x370x1995,APA12,,E81,
,,,,,,,FN138-시스템 행거(선반확장 대칭) ,○,,2400x370x1995,FN138-시스템 행거(선반확장 대칭)  2400x370x1995,APA12,,E81,
,,,,,,,"FN138-시스템 행거(2단, 서랍, 선반) ",○,,2400x370x1995,"FN138-시스템 행거(2단, 서랍, 선반)  2400x370x1995",APA12,,E81,
,,,,,,,"FN138-시스템 행거(선반, 서랍, 선반확장) ",○,,2800x370x1995,"FN138-시스템 행거(선반, 서랍, 선반확장)  2800x370x1995",APA12,,E81,
,,,,,,,"FN138-시스템 행거(선반확장, 2단, 서랍, 선반) ",○,,3600x370x1995,"FN138-시스템 행거(선반확장, 2단, 서랍, 선반)  3600x370x1995",APA12,,E81,
,,,,,,,"FN138-시스템 행거(서랍, 코너, 선반)",○,,1560x1560x1995,"FN138-시스템 행거(서랍, 코너, 선반) 1560x1560x1995",APA12,,E81,
,,,,,,,"FN138-시스템 행거(선반확장, 코너, 선반확장)",○,,1960x1960x1995,"FN138-시스템 행거(선반확장, 코너, 선반확장) 1960x1960x1995",APA12,,E81,
,,,,,,,"FN138-시스템 행거(선반확장, 코너, 선반확장, 서랍)",○,,1960x2760x1995,"FN138-시스템 행거(선반확장, 코너, 선반확장, 서랍) 1960x2760x1995",APA12,,E81,
,,,,,,,"FN138-시스템 행거(선반확장, 2단, 코너, 선반확장)",○,,2760x1960x1995,"FN138-시스템 행거(선반확장, 2단, 코너, 선반확장) 2760x1960x1995",APA12,,E81,
,,,,,,,,,,,,,,E81,
,,,,,,,,,,,,,,E81,
,,,,,,,,,,,,,,E81,
,,,,,,,,,,,,,,E81,
,,140.0,장비,,,,,,,,,,,E82,
,,,,141.0,냉장고,FN141,FN141-냉장고(일반형),○,,600x780,FN141-냉장고(일반형) 600x780,APA,,E82,
,,,,,,,,○,,840x810,FN141-냉장고(일반형) 840x810,APA,,E82,
,,,,,,FN141,FN141-냉장고(양문형),○,,910x760,FN141-냉장고(양문형) 910x760,APA,,E82,
,,,,,,,,○,,910x930,FN141-냉장고(양문형) 910x930,APA,,E82,
,,,,,,FN141,FN141-냉장고(소형),○,,440x520x900,FN141-냉장고(소형) 440x520x900,APA,,E82,
,,,,,,FN141,FN141-냉장고(업소용 중형),○,,640x800,FN141-냉장고(업소용 중형) 640x800,APA,,E82,일반
,,,,,,FN141,FN141-냉장고(업소용 대형),○,,1260x800,FN141-냉장고(업소용 대형) 1260x800,APA,,E82,양문
,,,,,,FN141,FN141-김치냉장고(뚜껑형),○,,666x612x900,FN141-김치냉장고(뚜껑형) 666x612x900,APA,,E82,
,,,,,,FN141,FN141-김치냉장고(스탠드형),○,,350x300x1820,FN141-김치냉장고(스탠드형) 350x300x1820,APA,,E82,
,,,,142.0,"가스레인지, 인덕션",FN142,FN142-가스레인지(2구),○,,590x410,FN142-가스레인지(2구) 590x410,APA,,E82,
,,,,,,FN142,FN142-가스레인지(3구),○,,595x460,FN142-가스레인지(3구) 595x460,APA,,E82,
,,,,,,FN142,FN142-가스레인지(4구),○,,595x510,FN142-가스레인지(4구) 595x510,APA,,E82,
,,,,,,FN142,FN142-인덕션,○,,595x510,FN142-인덕션 595x510,APA,,E82,
,,,,143.0,오븐,FN143,FN143-오븐,○,,600x600,FN143-오븐 600x600,APA,,E82,
,,,,144.0,식기세척기,FN144,FN144-식기세척기,○,,600x600,FN144-식기세척기 600x600,APA,,E82,
,,,,145.0,세탁기,FN145,FN145-세탁기(일반),○,,610x670,FN145-세탁기(일반) 610x670,APA,,E82,
,,,,,,,,○,,640x700,FN145-세탁기(일반) 640x700,APA,,E82,
,,,,,,,,○,,690x750,FN145-세탁기(일반) 690x750,APA,,E82,
,,,,,,FN145,FN145-세탁기(드럼),○,,690x790,FN145-세탁기(드럼) 690x790,APA,,E82,
,,,,,,,,○,,690x870,FN145-세탁기(드럼) 690x870,APA,,E82,
,,,,,,,,○,,814x737x1036,FN145-세탁기(드럼) 814x737x1036,APA,,E82,
,,,,146.0,건조기,FN146,FN146-건조기,○,,600x600,FN146-건조기 600x600,APA,,E82,
,,,,,,,,○,,690x870,FN146-건조기 690x870,APA,,E82,
,,,,147.0,에어컨 및 실외기,FN147,FN147-사무용 에어컨 스탠드형,○,,590x440x1840,FN147-사무용 에어컨 스탠드형 590x440x1840,APA,,E82,
,,,,,,FN147,FN147-사무용 에어컨 스탠드형(대형),○,,1050x495x1880,FN147-사무용 에어컨 스탠드형(대형) 1050x495x1880,APA,,E82,
,,,,,,FN147,FN147-시스템 에어컨1WAY,○,,1200x450,FN147-시스템 에어컨1WAY 1200x450,APA,,E82,
,,,,,,FN147,FN147-시스템 에어컨4WAY,○,,840x840,FN147-시스템 에어컨4WAY 840x840,APA,,E82,
,,,,,,FN147,FN147-에어컨 실외기 ,○,,790x285x548,FN147-에어컨 실외기  790x285x548,APA,,E82,
,,,,,,FN147,FN147-에어컨 실외기 대형,○,,950x330x1380,FN147-에어컨 실외기 대형 950x330x1380,APA,,E82,
,,,,,,FN147,FN147-에어컨(벽걸이형),○,,857x190x348,FN147-에어컨(벽걸이형) 857x190x348,APA,,E82,
,,,,,,FN147,FN147-가정용 에어컨 스탠드형,○,,350x300,FN147-가정용 에어컨 스탠드형 350x300,APA,,E82,
,,,,148.0,기타,FN148,FN148-전자레인지,○,,489x274,FN148-전자레인지 489x274,APA,,E82,
,,,,,,FN148,FN148-공기청정기,○,,370x370,FN148-공기청정기 370x370,APA,,E82,
,,,,,,FN148,FN148-TV,○,,1449x10x881,FN148-TV 1449x10x881,APA,,E82,
,,,,,,FN148,FN148-복합기,○,,566x620x1130,FN148-복합기 566x620x1130,APA,,E82,
,,,,,,FN148,FN148-노트북,○,,400x270,FN148-노트북 400x270,APA,,E82,
,,,,,,FN148,FN148-모니터,○,,600x102,FN148-모니터 600x102,APA,,E82,
,,,,,,FN148,FN148-마우스,○,,120x60,FN148-마우스 120x60,APA,,E82,
,,,,,,,,,,,,,,,
,,,,,,,,,,,,,,,
,,,,,,,,,,,,,,,
,,,,,,,,,,,,,,,
,,,,,,,,,,,,,,,
FN200,주거용 가구 및 기기,,,,,,,,,,,,,,
,,210.0,휴식용 가구,,,,,,,,,,,E81,
,,,,211.0,침대,FN211,FN211-싱글 침대,○,,(싱글) 1000x2000,FN211-싱글 침대 (싱글) 1000x2000,APA,,E81,
,,,,,,,,○,,(슈퍼싱글) 1100x2000,FN211-싱글 침대 (슈퍼싱글) 1100x2000,APA,,E81,
,,,,,,FN211,FN211-더블 침대,○,,(더블) 1350x2000,FN211-더블 침대 (더블) 1350x2000,APA,,E81,
,,,,,,,,○,,(퀸) 1500x2000,FN211-더블 침대 (퀸) 1500x2000,APA,,E81,
,,,,,,,,○,,(킹) 1600x2000,FN211-더블 침대 (킹) 1600x2000,APA,,E81,
,,,,,,FN211,FN211-2층 침대,○,,,FN211-2층 침대 ,APA,,E81,
,,,,,,FN211,FN211-단층 침대,,,,,APA,,E81,
,,,,,,,,○,,(싱글) 1000x2000,FN211-단층 침대 (싱글) 1000x2000,APA,,E81,
,,,,,,,,○,,(슈퍼싱글) 1100x2000,FN211-단층 침대 (슈퍼싱글) 1100x2000,APA,,E81,
,,,,,,,,○,,(더블) 1400x2000,FN211-단층 침대 (더블) 1400x2000,APA,,E81,
,,,,,,,,○,,(퀸) 1500x2000,FN211-단층 침대 (퀸) 1500x2000,APA,,E81,
,,,,,,,,○,,(킹) 1600x2000,FN211-단층 침대 (킹) 1600x2000,APA,,E81,
,,,,,,,,○,,수납형 (싱글) 1000x2000,FN211-단층 침대 수납형 (싱글) 1000x2000,APA,,E81,
,,,,,,,,○,,수납형 (슈퍼싱글) 1100x2000,FN211-단층 침대 수납형 (슈퍼싱글) 1100x2000,APA,,E81,
,,,,,,,,○,,수납형 (더블) 1400x2000,FN211-단층 침대 수납형 (더블) 1400x2000,APA,,E81,
,,,,,,,,○,,수납형 (퀸) 1500x2000,FN211-단층 침대 수납형 (퀸) 1500x2000,APA,,E81,
,,,,,,,,○,,수납형 (킹) 1600x2000,FN211-단층 침대 수납형 (킹) 1600x2000,APA,,E81,
,,,,,,,,○,,난간테두리 (싱글) 1000x2000,FN211-단층 침대 난간테두리 (싱글) 1000x2000,APA,,E81,
,,,,,,,,○,,난간테두리 (슈퍼싱글) 1100x2000,FN211-단층 침대 난간테두리 (슈퍼싱글) 1100x2000,APA,,E81,
,,,,,,,,○,,난간테두리 (더블) 1400x2000,FN211-단층 침대 난간테두리 (더블) 1400x2000,APA,,E81,
,,,,,,,,○,,난간테두리 (퀸) 1500x2000,FN211-단층 침대 난간테두리 (퀸) 1500x2000,APA,,E81,
,,,,,,,,○,,난간테두리 (킹) 1600x2000,FN211-단층 침대 난간테두리 (킹) 1600x2000,APA,,E81,
,,,,,,,,○,,난간테두리 수납형 (싱글) 1000x2000,FN211-단층 침대 난간테두리 수납형 (싱글) 1000x2000,APA,,E81,
,,,,,,,,○,,난간테두리 수납형 (슈퍼싱글) 1100x2000,FN211-단층 침대 난간테두리 수납형 (슈퍼싱글) 1100x2000,APA,,E81,
,,,,,,,,○,,난간테두리 수납형 (더블) 1400x2000,FN211-단층 침대 난간테두리 수납형 (더블) 1400x2000,APA,,E81,
,,,,,,,,○,,난간테두리 수납형 (퀸) 1500x2000,FN211-단층 침대 난간테두리 수납형 (퀸) 1500x2000,APA,,E81,
,,,,,,,,○,,난간테두리 수납형 (킹) 1600x2000,FN211-단층 침대 난간테두리 수납형 (킹) 1600x2000,APA,,E81,
,,,,,,,,○,,상부난간 (싱글) 1000x2000,FN211-단층 침대 상부난간 (싱글) 1000x2000,APA,,E81,
,,,,,,,,○,,상부난간 (슈퍼싱글) 1100x2000,FN211-단층 침대 상부난간 (슈퍼싱글) 1100x2000,APA,,E81,
,,,,,,,,○,,상부난간 (더블) 1400x2000,FN211-단층 침대 상부난간 (더블) 1400x2000,APA,,E81,
,,,,,,,,○,,상부난간 (퀸) 1500x2000,FN211-단층 침대 상부난간 (퀸) 1500x2000,APA,,E81,
,,,,,,,,○,,상부난간 (킹) 1600x2000,FN211-단층 침대 상부난간 (킹) 1600x2000,APA,,E81,
,,,,,,,,○,,상부난간 수납형 (싱글) 1000x2000,FN211-단층 침대 상부난간 수납형 (싱글) 1000x2000,APA,,E81,
,,,,,,,,○,,상부난간 수납형 (슈퍼싱글) 1100x2000,FN211-단층 침대 상부난간 수납형 (슈퍼싱글) 1100x2000,APA,,E81,
,,,,,,,,○,,상부난간 수납형 (더블) 1400x2000,FN211-단층 침대 상부난간 수납형 (더블) 1400x2000,APA,,E81,
,,,,,,,,○,,상부난간 수납형 (퀸) 1500x2000,FN211-단층 침대 상부난간 수납형 (퀸) 1500x2000,APA,,E81,
,,,,,,,,○,,상부난간 수납형 (킹) 1600x2000,FN211-단층 침대 상부난간 수납형 (킹) 1600x2000,APA,,E81,
,,,,,,,,○,,상하부난간 (싱글) 1000x2000,FN211-단층 침대 상하부난간 (싱글) 1000x2000,APA,,E81,
,,,,,,,,○,,상하부난간 (슈퍼싱글) 1100x2000,FN211-단층 침대 상하부난간 (슈퍼싱글) 1100x2000,APA,,E81,
,,,,,,,,○,,상하부난간 (더블) 1400x2000,FN211-단층 침대 상하부난간 (더블) 1400x2000,APA,,E81,
,,,,,,,,○,,상하부난간 (퀸) 1500x2000,FN211-단층 침대 상하부난간 (퀸) 1500x2000,APA,,E81,
,,,,,,,,○,,상하부난간 (킹) 1600x2000,FN211-단층 침대 상하부난간 (킹) 1600x2000,APA,,E81,
,,,,,,,,○,,상하부난간 수납형 (싱글) 1000x2000,FN211-단층 침대 상하부난간 수납형 (싱글) 1000x2000,APA,,E81,
,,,,,,,,○,,상하부난간 수납형 (슈퍼싱글) 1100x2000,FN211-단층 침대 상하부난간 수납형 (슈퍼싱글) 1100x2000,APA,,E81,
,,,,,,,,○,,상하부난간 수납형 (더블) 1400x2000,FN211-단층 침대 상하부난간 수납형 (더블) 1400x2000,APA,,E81,
,,,,,,,,○,,상하부난간 수납형 (퀸) 1500x2000,FN211-단층 침대 상하부난간 수납형 (퀸) 1500x2000,APA,,E81,
,,,,,,,,○,,상하부난간 수납형 (킹) 1600x2000,FN211-단층 침대 상하부난간 수납형 (킹) 1600x2000,APA,,E81,
,,,,,,,,○,,3면난간 (싱글) 1000x2000,FN211-단층 침대 3면난간 (싱글) 1000x2000,APA,,E81,
,,,,,,,,○,,3면난간 (슈퍼싱글) 1100x2000,FN211-단층 침대 3면난간 (슈퍼싱글) 1100x2000,APA,,E81,
,,,,,,,,○,,3면난간 (더블) 1400x2000,FN211-단층 침대 3면난간 (더블) 1400x2000,APA,,E81,
,,,,,,,,○,,3면난간 (퀸) 1500x2000,FN211-단층 침대 3면난간 (퀸) 1500x2000,APA,,E81,
,,,,,,,,○,,3면난간 (킹) 1600x2000,FN211-단층 침대 3면난간 (킹) 1600x2000,APA,,E81,
,,,,,,,,○,,3면난간 수납형 (싱글) 1000x2000,FN211-단층 침대 3면난간 수납형 (싱글) 1000x2000,APA,,E81,
,,,,,,,,○,,3면난간 수납형 (슈퍼싱글) 1100x2000,FN211-단층 침대 3면난간 수납형 (슈퍼싱글) 1100x2000,APA,,E81,
,,,,,,,,○,,3면난간 수납형 (더블) 1400x2000,FN211-단층 침대 3면난간 수납형 (더블) 1400x2000,APA,,E81,
,,,,,,,,○,,3면난간 수납형 (퀸) 1500x2000,FN211-단층 침대 3면난간 수납형 (퀸) 1500x2000,APA,,E81,
,,,,,,,,○,,3면난간 수납형 (킹) 1600x2000,FN211-단층 침대 3면난간 수납형 (킹) 1600x2000,APA,,E81,
,,,,,,FN211,FN211-단층 침대 open 중앙,,,,,APA,,E81,
,,,,,,,,○,,정면 (싱글) 1000x2000,FN211-단층 침대 open 중앙 정면 (싱글) 1000x2000,APA,,E81,
,,,,,,,,○,,정면 (슈퍼싱글) 1100x2000,FN211-단층 침대 open 중앙 정면 (슈퍼싱글) 1100x2000,APA,,E81,
,,,,,,,,○,,측면 (싱글) 1000x2000,FN211-단층 침대 open 중앙 측면 (싱글) 1000x2000,APA,,E81,
,,,,,,,,○,,측면 (슈퍼싱글) 1100x2000,FN211-단층 침대 open 중앙 측면 (슈퍼싱글) 1100x2000,APA,,E81,
,,,,,,,,,,,,APA,,E81,
,,,,,,,,,,,,APA,,E81,
,,,,,,,,,,,,APA,,E81,
,,,,,,FN211,FN211-2층 침대 (스틸),,,,,APA,,E81,
,,,,,,,,○,,open_정면 1000x2000,FN211-2층 침대 (스틸) open_정면 1000x2000,APA,,E81,
,,,,,,,,○,,open_정면 1100x2000,FN211-2층 침대 (스틸) open_정면 1100x2000,APA,,E81,
,,,,,,,,○,,open_정면 수납 1000x2000,FN211-2층 침대 (스틸) open_정면 수납 1000x2000,APA,,E81,
,,,,,,,,○,,open_정면 수납 1100x2000,FN211-2층 침대 (스틸) open_정면 수납 1100x2000,APA,,E81,
,,,,,,,,○,,open_측면 1000x2000,FN211-2층 침대 (스틸) open_측면 1000x2000,APA,,E81,
,,,,,,,,○,,open_측면 1100x2000,FN211-2층 침대 (스틸) open_측면 1100x2000,APA,,E81,
,,,,,,,,○,,open_측면 수납 1000x2000,FN211-2층 침대 (스틸) open_측면 수납 1000x2000,APA,,E81,
,,,,,,,,○,,open_측면 수납 1100x2000,FN211-2층 침대 (스틸) open_측면 수납 1100x2000,APA,,E81,
,,,,,,FN211,FN211-2층 침대 (티크),,,,,APA,,E81,
,,,,,,,,○,,open_정면 1000x2000,FN211-2층 침대 (티크) open_정면 1000x2000,APA,,E81,
,,,,,,,,○,,open_정면 1100x2000,FN211-2층 침대 (티크) open_정면 1100x2000,APA,,E81,
,,,,,,,,○,,open_정면 수납 1000x2000,FN211-2층 침대 (티크) open_정면 수납 1000x2000,APA,,E81,
,,,,,,,,○,,open_정면 수납 1100x2000,FN211-2층 침대 (티크) open_정면 수납 1100x2000,APA,,E81,
,,,,,,,,○,,open_측면 1000x2000,FN211-2층 침대 (티크) open_측면 1000x2000,APA,,E81,
,,,,,,,,○,,open_측면 1100x2000,FN211-2층 침대 (티크) open_측면 1100x2000,APA,,E81,
,,,,,,,,○,,open_측면 수납 1000x2000,FN211-2층 침대 (티크) open_측면 수납 1000x2000,APA,,E81,
,,,,,,,,○,,open_측면 수납 1100x2000,FN211-2층 침대 (티크) open_측면 수납 1100x2000,APA,,E81,
,,,,,,FN211,FN211-2층 침대 (원목),,,,,APA,,E81,
,,,,,,,,○,,open_정면 1000x2000,FN211-2층 침대 (원목) open_정면 1000x2000,APA,,E81,
,,,,,,,,○,,open_정면 1100x2000,FN211-2층 침대 (원목) open_정면 1100x2000,APA,,E81,
,,,,,,,,○,,open_정면 수납 1000x2000,FN211-2층 침대 (원목) open_정면 수납 1000x2000,APA,,E81,
,,,,,,,,○,,open_정면 수납 1100x2000,FN211-2층 침대 (원목) open_정면 수납 1100x2000,APA,,E81,
,,,,,,,,○,,open_측면 1000x2000,FN211-2층 침대 (원목) open_측면 1000x2000,APA,,E81,
,,,,,,,,○,,open_측면 1100x2000,FN211-2층 침대 (원목) open_측면 1100x2000,APA,,E81,
,,,,,,,,○,,open_측면 수납 1000x2000,FN211-2층 침대 (원목) open_측면 수납 1000x2000,APA,,E81,
,,,,,,,,○,,open_측면 수납 1100x2000,FN211-2층 침대 (원목) open_측면 수납 1100x2000,APA,,E81,
,,,,,,FN211,FN211-2층 침대 (금속),,,,,APA,,E81,
,,,,,,,,○,,open_정면 1000x2000,FN211-2층 침대 (금속) open_정면 1000x2000,APA,,E81,
,,,,,,,,○,,open_정면 1100x2000,FN211-2층 침대 (금속) open_정면 1100x2000,APA,,E81,
,,,,,,,,○,,open_정면 수납 1000x2000,FN211-2층 침대 (금속) open_정면 수납 1000x2000,APA,,E81,
,,,,,,,,○,,open_정면 수납 1100x2000,FN211-2층 침대 (금속) open_정면 수납 1100x2000,APA,,E81,
,,,,,,,,○,,open_측면 1000x2000,FN211-2층 침대 (금속) open_측면 1000x2000,APA,,E81,
,,,,,,,,○,,open_측면 1100x2000,FN211-2층 침대 (금속) open_측면 1100x2000,APA,,E81,
,,,,,,,,○,,open_측면 수납 1000x2000,FN211-2층 침대 (금속) open_측면 수납 1000x2000,APA,,E81,
,,,,,,,,○,,open_측면 수납 1100x2000,FN211-2층 침대 (금속) open_측면 수납 1100x2000,APA,,E81,
,,,,,,FN211,FN211-2층 침대 (금속) ,,,,,APA,,E81,
,,,,,,,,○,,open 중앙_정면 1000x2000,FN211-2층 침대 (금속)  open 중앙_정면 1000x2000,APA,,E81,
,,,,,,,,○,,open 중앙_정면 1100x2000,FN211-2층 침대 (금속)  open 중앙_정면 1100x2000,APA,,E81,
,,,,,,,,○,,open 중앙_정면 수납 1000x2000,FN211-2층 침대 (금속)  open 중앙_정면 수납 1000x2000,APA,,E81,
,,,,,,,,○,,open 중앙_정면 수납 1100x2000,FN211-2층 침대 (금속)  open 중앙_정면 수납 1100x2000,APA,,E81,
,,,,,,,,○,,open 중앙_정면 하부확장 1400x2000,FN211-2층 침대 (금속)  open 중앙_정면 하부확장 1400x2000,APA,,E81,
,,,,,,,,○,,open 중앙_정면 하부확장 1500x2000,FN211-2층 침대 (금속)  open 중앙_정면 하부확장 1500x2000,APA,,E81,
,,,,,,,,○,,open 중앙_정면 하부확장 1600x2000,FN211-2층 침대 (금속)  open 중앙_정면 하부확장 1600x2000,APA,,E81,
,,,,,,,,○,,open 중앙_정면 하부확장 수납 1400x2000,FN211-2층 침대 (금속)  open 중앙_정면 하부확장 수납 1400x2000,APA,,E81,
,,,,,,,,○,,open 중앙_정면 하부확장 수납 1500x2000,FN211-2층 침대 (금속)  open 중앙_정면 하부확장 수납 1500x2000,APA,,E81,
,,,,,,,,○,,open 중앙_정면 하부확장 수납 1600x2000,FN211-2층 침대 (금속)  open 중앙_정면 하부확장 수납 1600x2000,APA,,E81,
,,,,,,,,○,,open 중앙_측면 1000x2000,FN211-2층 침대 (금속)  open 중앙_측면 1000x2000,APA,,E81,
,,,,,,,,○,,open 중앙_측면 1100x2000,FN211-2층 침대 (금속)  open 중앙_측면 1100x2000,APA,,E81,
,,,,,,,,○,,open 중앙_측면 수납 1000x2000,FN211-2층 침대 (금속)  open 중앙_측면 수납 1000x2000,APA,,E81,
,,,,,,,,○,,open 중앙_측면 수납 1100x2000,FN211-2층 침대 (금속)  open 중앙_측면 수납 1100x2000,APA,,E81,
,,,,,,FN211,FN211-2층 침대 (티크),,,,,APA,,E81,
,,,,,,,,○,,open 중앙_정면 1000x2000,FN211-2층 침대 (티크) open 중앙_정면 1000x2000,APA,,E81,
,,,,,,,,○,,open 중앙_정면 1100x2000,FN211-2층 침대 (티크) open 중앙_정면 1100x2000,APA,,E81,
,,,,,,,,○,,open 중앙_정면 수납 1000x2000,FN211-2층 침대 (티크) open 중앙_정면 수납 1000x2000,APA,,E81,
,,,,,,,,○,,open 중앙_정면 수납 1100x2000,FN211-2층 침대 (티크) open 중앙_정면 수납 1100x2000,APA,,E81,
,,,,,,,,○,,open 중앙_정면 하부확장 1400x2000,FN211-2층 침대 (티크) open 중앙_정면 하부확장 1400x2000,APA,,E81,
,,,,,,,,○,,open 중앙_정면 하부확장 1500x2000,FN211-2층 침대 (티크) open 중앙_정면 하부확장 1500x2000,APA,,E81,
,,,,,,,,○,,open 중앙_정면 하부확장 1600x2000,FN211-2층 침대 (티크) open 중앙_정면 하부확장 1600x2000,APA,,E81,
,,,,,,,,○,,open 중앙_정면 하부확장 수납 1400x2000,FN211-2층 침대 (티크) open 중앙_정면 하부확장 수납 1400x2000,APA,,E81,
,,,,,,,,○,,open 중앙_정면 하부확장 수납 1500x2000,FN211-2층 침대 (티크) open 중앙_정면 하부확장 수납 1500x2000,APA,,E81,
,,,,,,,,○,,open 중앙_정면 하부확장 수납 1600x2000,FN211-2층 침대 (티크) open 중앙_정면 하부확장 수납 1600x2000,APA,,E81,
,,,,,,,,○,,open 중앙_측면 1000x2000,FN211-2층 침대 (티크) open 중앙_측면 1000x2000,APA,,E81,
,,,,,,,,○,,open 중앙_측면 1100x2000,FN211-2층 침대 (티크) open 중앙_측면 1100x2000,APA,,E81,
,,,,,,,,○,,open 중앙_측면 수납 1000x2000,FN211-2층 침대 (티크) open 중앙_측면 수납 1000x2000,APA,,E81,
,,,,,,,,○,,open 중앙_측면 수납 1100x2000,FN211-2층 침대 (티크) open 중앙_측면 수납 1100x2000,APA,,E81,
,,,,,,,,,,,,,,E81,
,,,,,,FN211,FN211-아기침대 수직각재,,,,,APA,,E81,
,,,,,,,,○,,700x1250,FN211-아기침대 수직각재 700x1250,APA,,E81,
,,,,,,,,○,,800x1300,FN211-아기침대 수직각재 800x1300,APA,,E81,
,,,,,,,FN211-아기침대 수평각재,,,,,APA,,E81,
,,,,,,,,○,,700x1250,FN211-아기침대 수평각재 700x1250,APA,,E81,
,,,,,,,,○,,800x1300,FN211-아기침대 수평각재 800x1300,APA,,E81,
,,,,212.0,식탁 ,FN212,FN212-식탁(각형),○,,2인 750x750,FN212-식탁(각형) 2인 750x750,APA,,E81,"식탁 재료별 추가 가능 (원목, 대리석 등)"
,,,,,,,,○,,4인 800x800,FN212-식탁(각형) 4인 800x800,APA,,E81,
,,,,,,,,○,,4인 850x850,FN212-식탁(각형) 4인 850x850,APA,,E81,
,,,,,,,,○,,4인 900x900,FN212-식탁(각형) 4인 900x900,APA,,E81,
,,,,,,,,○,,4인 1100x700,FN212-식탁(각형) 4인 1100x700,APA,,E81,
,,,,,,,,○,,4인 1100x750,FN212-식탁(각형) 4인 1100x750,APA,,E81,
,,,,,,,,○,,4인 1200x750,FN212-식탁(각형) 4인 1200x750,APA,,E81,
,,,,,,,,○,,4인 1200x800,FN212-식탁(각형) 4인 1200x800,APA,,E81,
,,,,,,,,○,,6인 1300x800,FN212-식탁(각형) 6인 1300x800,APA,,E81,
,,,,,,,,○,,6인 1300x850,FN212-식탁(각형) 6인 1300x850,APA,,E81,
,,,,,,,,○,,6인 1400x850,FN212-식탁(각형) 6인 1400x850,APA,,E81,
,,,,,,,,○,,6인 1500x900,FN212-식탁(각형) 6인 1500x900,APA,,E81,
,,,,,,,,○,,6인 1600x950,FN212-식탁(각형) 6인 1600x950,APA,,E81,
,,,,,,FN212,FN212-식탁(원형),○,,4인 D800,FN212-식탁(원형) 4인 D800,APA,,E81,
,,,,,,,,○,,4인 D850,FN212-식탁(원형) 4인 D850,APA,,E81,
,,,,,,,,○,,4인 D900,FN212-식탁(원형) 4인 D900,APA,,E81,
,,,,,,,,○,,5인 D1000,FN212-식탁(원형) 5인 D1000,APA,,E81,
,,,,,,,,○,,5인 D1100,FN212-식탁(원형) 5인 D1100,APA,,E81,
,,,,,,FN212,FN212-식탁 세트(각형) 2인,○,,,FN212-식탁 세트(각형) 2인 ,APA,,E81,식탁+의자
,,,,,,FN212,FN212-식탁 세트(각형) 4인,○,,,FN212-식탁 세트(각형) 4인 ,APA,,E81,
,,,,,,FN212,FN212-식탁 세트(각형) 6인,○,,,FN212-식탁 세트(각형) 6인 ,APA,,E81,
,,,,,,FN212,FN212-식탁 세트(원형) 4인,○,,,FN212-식탁 세트(원형) 4인 ,APA,,E81,
,,,,,,FN212,FN212-식탁 세트(원형) 5인,○,,,FN212-식탁 세트(원형) 5인 ,APA,,E81,
,,,,213.0,조명,,,,,,,,,E81,
,,,,,,FN213,FN213-플레인 테이블 스탠드,○,,ø210,FN213-플레인 테이블 스탠드 ø210,,,E81,
,,,,,,,,,,,,,,,
,,220.0,업무용 가구 ,,,,,,,,,,,E72,
,,,,221.0,싱크대,FN221,FN221-싱크대(일자형),○,,,FN221-싱크대(일자형) ,APA13,,E72,
,,,,,,FN221,FN221-싱크대(ㄱ형),○,,,FN221-싱크대(ㄱ형) ,APA13,,E72,
,,,,,,FN221,FN221-싱크대(ㄷ형),○,,,FN221-싱크대(ㄷ형) ,APA13,,E72,
,,,,222.0,싱크 상부장,FN222,FN222-싱크 상부장(일자형),○,,,FN222-싱크 상부장(일자형) ,APA13,,E72,
,,,,,,FN222,FN222-싱크 상부장(ㄱ형),○,,,FN222-싱크 상부장(ㄱ형) ,APA13,,E72,
,,,,,,FN222,FN222-싱크 상부장(ㄷ형),○,,,FN222-싱크 상부장(ㄷ형) ,APA13,,E72,
,,,,223.0,싱크대 세트,FN223,FN223-싱크대 세트(일자형),○,,,FN223-싱크대 세트(일자형) ,APA13,,E72,상부장+하부장 
,,,,,,FN223,FN223-싱크대 세트(ㄱ형),○,,,FN223-싱크대 세트(ㄱ형) ,APA13,,E72,상부장+하부장 
,,,,,,FN223,FN223-싱크대 세트(ㄷ형),○,,,FN223-싱크대 세트(ㄷ형) ,APA13,,E72,상부장+하부장 
,,230.0,보관용 가구 ,,,,,,,,,,,E81,
,,,,231.0,협탁,FN231,FN231-협탁,○,,450x400,FN231-협탁 450x400,APA,,E81,
,,,,,,,,○,,500x400,FN231-협탁 500x400,APA,,E81,
,,,,232.0,화장대,FN232,FN232-화장대 Type1,○,,,FN232-화장대 Type1 ,APA,,E81,형태별 2가지
,,,,,,FN232,FN232-화장대 Type2,○,,,FN232-화장대 Type2 ,APA,,E81,
,,,,233.0,붙박이 장,FN233,FN233-붙박이장(슬라이딩 도어 4짝),○,,4200x2400,FN233-붙박이장(슬라이딩 도어 4짝) 4200x2400,APA,,E81,
,,,,234.0,신발장,FN234,FN234-신발장,○,,1500x2300x300,FN234-신발장 1500x2300x300,APA141,,E81,
,,,,,,,,,,,,,,,
,,,,,,,,,,,,,,,
,,,,,,,,,,,,,,,
,,,,,,,,,,,,,,,
,,,,,,,,,,,,,,,
,,240.0,장비,,,,,,,,,,,E81,
,,,,241.0,시계,FN241,FN241-벽 시계,○,,,FN241-벽 시계 ,APA,,E81,
,,,,242.0,전등,FN242,FN242-전등-주방등(소),○,,600x200x45,FN242-전등-주방등(소) 600x200x45,EME33,,E81,
,,,,,,,FN242-전등-주방등(대),○,,1200x200x45,FN242-전등-주방등(대) 1200x200x45,EME33,,E81,
,,,,,,,FN242-전등-방등,○,,600x480x45,FN242-전등-방등 600x480x45,EME32,,E81,
,,,,243.0,화이트보드,FN243,FN243-화이트보드 벽걸이형,○,,1000x950,FN243-화이트보드 벽걸이형 1000x950,APA214,,E81,
,,,,,,,,○,,1500x950,FN243-화이트보드 벽걸이형 1500x950,APA214,,E81,
,,,,,,,,○,,1800x950,FN243-화이트보드 벽걸이형 1800x950,APA214,,E81,
,,,,,,,FN243-화이트보드 스탠드형,○,,1100x950x1850,FN243-화이트보드 스탠드형 1100x950x1850,APA214,,E81,
,,,,,,,,○,,1600x950x1850,FN243-화이트보드 스탠드형 1600x950x1850,APA214,,E81,
,,,,,,,,○,,1900x950x1850,FN243-화이트보드 스탠드형 1900x950x1850,APA214,,E81,
,,,,,,,,,,,,,,,
,,,,,,,,,,,,,,,
FN300,"상업, 업무용 가구 및 기기",,,,,,,,,,,,,E81,
,,310.0,휴식용 가구,,,,,,,,,,,E81,
,,,,,,,,,,,,,,E81,
,,,,,,,,,,,,,,E81,
,,,,,,,,,,,,,,E81,
,,320.0,업무용 가구,,,,,,,,,,,E81,
,,,,321.0,사무실 유닛,FN321,FN321-사무실 유닛,,,,,APA214,,E81,
,,,,,,,,,,,,,,E81,
,,,,322.0,사무용 책상,FN322,FN322-사무용 책상 1인,,,,,APA,,E81,
,,,,,,,,○,,1400x820x740,FN322-사무용 책상 1인 1400x820x740,APA214,,E81,
,,,,,,,,○,,1600x820x740,FN322-사무용 책상 1인 1600x820x740,APA214,,E81,
,,,,,,,,○,,1800x820x740,FN322-사무용 책상 1인 1800x820x740,APA214,,E81,
,,,,,,,FN322-사무용 책상 1인 공기정화기,,,,,APA214,,E81,
,,,,,,,,○,,1400x800x735,FN322-사무용 책상 1인 공기정화기 1400x800x735,APA214,,E81,
,,,,,,,,○,,1600x800x735,FN322-사무용 책상 1인 공기정화기 1600x800x735,APA214,,E81,
,,,,,,,,○,,1800x800x735,FN322-사무용 책상 1인 공기정화기 1800x800x735,APA214,,E81,
,,,,,,,FN322-사무용 책상 1인 연결용,,,1400x820x740,FN322-사무용 책상 1인 연결용 1400x820x740,APA214,,E81,
,,,,,,,,○,,(좌) 1400x820x740,FN322-사무용 책상 1인 연결용 (좌) 1400x820x740,APA214,,E81,
,,,,,,,,○,,(우) 1400x820x740,FN322-사무용 책상 1인 연결용 (우) 1400x820x740,APA214,,E81,
,,,,,,,,○,,(중앙) 1400x820x740,FN322-사무용 책상 1인 연결용 (중앙) 1400x820x740,APA214,,E81,
,,,,,사무용 책상 세트,FN322,FN322-사무용 책상 세트 1인(아크릴) Type 1,○,,1444x1500x1220,FN322-사무용 책상 세트 1인(아크릴) Type 1 1444x1500x1220,APA,,E81,
,,,,,,,FN322-사무용 책상 세트 1인(아크릴) Type 2,○,,1644x1500x1220,FN322-사무용 책상 세트 1인(아크릴) Type 2 1644x1500x1220,APA214,,E81,
,,,,,,,FN322-사무용 책상 세트 1인(아크릴) Type 3,○,,1844x1500x1220,FN322-사무용 책상 세트 1인(아크릴) Type 3 1844x1500x1220,APA214,,E81,
,,,,,,,FN322-사무용 책상 세트 1인(패브릭)  Type 1,○,,1444x1500x1220,FN322-사무용 책상 세트 1인(패브릭)  Type 1 1444x1500x1220,APA214,,E81,
,,,,,,,FN322-사무용 책상 세트 1인(패브릭)  Type 2,○,,1644x1500x1220,FN322-사무용 책상 세트 1인(패브릭)  Type 2 1644x1500x1220,APA214,,E81,
,,,,,,,FN322-사무용 책상 세트 1인(패브릭)  Type 3,○,,1844x1500x1220,FN322-사무용 책상 세트 1인(패브릭)  Type 3 1844x1500x1220,APA214,,E81,
,,,,,,,FN322-사무용 책상 세트 2인 전면대칭(아크릴) Type 1,○,,1444x3000x1220,FN322-사무용 책상 세트 2인 전면대칭(아크릴) Type 1 1444x3000x1220,APA214,,E81,
,,,,,,,FN322-사무용 책상 세트 2인 전면대칭(아크릴) Type 2,○,,1644x3000x1220,FN322-사무용 책상 세트 2인 전면대칭(아크릴) Type 2 1644x3000x1220,APA214,,E81,
,,,,,,,FN322-사무용 책상 세트 2인 전면대칭(아크릴) Type 3,○,,1844x3000x1220,FN322-사무용 책상 세트 2인 전면대칭(아크릴) Type 3 1844x3000x1220,APA214,,E81,
,,,,,,,FN322-사무용 책상 세트 2인 전면대칭(패브릭) Type 1,○,,1444x3000x1220,FN322-사무용 책상 세트 2인 전면대칭(패브릭) Type 1 1444x3000x1220,APA214,,E81,
,,,,,,,FN322-사무용 책상 세트 2인 전면대칭(패브릭) Type 2,○,,1644x3000x1220,FN322-사무용 책상 세트 2인 전면대칭(패브릭) Type 2 1644x3000x1220,APA214,,E81,
,,,,,,,FN322-사무용 책상 세트 2인 전면대칭(패브릭) Type 3,○,,1844x3000x1220,FN322-사무용 책상 세트 2인 전면대칭(패브릭) Type 3 1844x3000x1220,APA214,,E81,
,,,,,,,FN322-사무용 책상 세트 2인 측면대칭(아크릴),○,,2844x1500x1220,FN322-사무용 책상 세트 2인 측면대칭(아크릴) 2844x1500x1220,APA214,,E81,
,,,,,,,FN322-사무용 책상 세트 2인 측면대칭(패브릭),○,,2844x1500x1220,FN322-사무용 책상 세트 2인 측면대칭(패브릭) 2844x1500x1220,APA214,,E81,
,,,,,,,FN322-사무용 책상 세트 3인 측면대칭(아크릴),○,,4244x1500x1220,FN322-사무용 책상 세트 3인 측면대칭(아크릴) 4244x1500x1220,APA214,,E81,
,,,,,,,FN322-사무용 책상 세트 3인 측면대칭(패브릭),○,,4244x1500x1220,FN322-사무용 책상 세트 3인 측면대칭(패브릭) 4244x1500x1220,APA214,,E81,
,,,,323.0,스토리지,FN323,FN323-스토리지,○,,320x570x555,FN323-스토리지 320x570x555,APA214,,E81,
,,,,323.0,스토리지,FN323,FN323-스토리지 캔틸레버 전면형,○,,320x570x1000,FN323-스토리지 캔틸레버 전면형 320x570x1000,APA214,,E81,
,,,,324.0,데스크 스크린,FN324,FN324-데스크 스크린 전면(아크릴),○,,1350x40x410,FN324-데스크 스크린 전면(아크릴) 1350x40x410,APA214,,E81,
,,,,,,,,○,,1550x40x410,FN324-데스크 스크린 전면(아크릴) 1550x40x410,APA214,,E81,
,,,,,,,,○,,1750x40x410,FN324-데스크 스크린 전면(아크릴) 1750x40x410,APA214,,E81,
,,,,,,,FN324-데스크 스크린 전면(패브릭),○,,1350x40x410,FN324-데스크 스크린 전면(패브릭) 1350x40x410,APA214,,E81,
,,,,,,,,○,,1550x40x410,FN324-데스크 스크린 전면(패브릭) 1550x40x410,APA214,,E81,
,,,,,,,,○,,1750x40x410,FN324-데스크 스크린 전면(패브릭) 1750x40x410,APA214,,E81,
,,,,,,,FN324-데스크 스크린 측면(아크릴),○,,835x35x450,FN324-데스크 스크린 측면(아크릴) 835x35x450,APA214,,E81,
,,,,,,,FN324-데스크 스크린 측면(패브릭),○,,835x35x450,FN324-데스크 스크린 측면(패브릭) 835x35x450,APA214,,E81,
,,,,,,,FN324-데스크 스크린 엔드(아크릴),○,,892x92x710,FN324-데스크 스크린 엔드(아크릴) 892x92x710,APA214,,E81,
,,,,,,,FN324-데스크 스크린 엔드(패브릭),○,,892x92x710,FN324-데스크 스크린 엔드(패브릭) 892x92x710,APA214,,E81,
,,,,325.0,톨 유닛,FN325,FN325-톨 유닛 하프도어,○,,460x640x1850,FN325-톨 유닛 하프도어 460x640x1850,APA214,,E81,
,,,,,,,,,,,,,,E81,
,,,,,,,,,,,,,,E81,
,,,,,,,,,,,,,,E81,
,,,,,,,,,,,,,,E81,
,,330.0,보관용 가구 ,,,,,,,,,,,E73640,
,,,,331.0,파티션,FN331,FN331-파티션,,,1000x600,FN331-파티션 1000x600,AOC7,,E73640,반유리형 추가 가능 (크기별)
,,,,,,,,,,1000x700,FN331-파티션 1000x700,AOC7,,E73640,
,,,,,,,,,,1000x800,FN331-파티션 1000x800,AOC7,,E73640,
,,,,,,,,,,1000x900,FN331-파티션 1000x900,AOC7,,E73640,
,,,,,,,,,,1000x1000,FN331-파티션 1000x1000,AOC7,,E73640,
,,,,,,,,,,1000x1100,FN331-파티션 1000x1100,AOC7,,E73640,
,,,,,,,,,,1000x1200,FN331-파티션 1000x1200,AOC7,,E73640,
,,,,,,,,,,1000x1300,FN331-파티션 1000x1300,AOC7,,E73640,
,,,,,,,,,,1000x1400,FN331-파티션 1000x1400,AOC7,,E73640,
,,,,,,,,,,1000x1500,FN331-파티션 1000x1500,AOC7,,E73640,
,,,,,,,,,,1000x1600,FN331-파티션 1000x1600,AOC7,,E73640,
,,,,,,,,,,1200x600,FN331-파티션 1200x600,AOC7,,E73640,
,,,,,,,,,,1200x700,FN331-파티션 1200x700,AOC7,,E73640,
,,,,,,,,,,1200x800,FN331-파티션 1200x800,AOC7,,E73640,
,,,,,,,,,,1200x900,FN331-파티션 1200x900,AOC7,,E73640,
,,,,,,,,,,1200x1000,FN331-파티션 1200x1000,AOC7,,E73640,
,,,,,,,,,,1200x1100,FN331-파티션 1200x1100,AOC7,,E73640,
,,,,,,,,,,1200x1200,FN331-파티션 1200x1200,AOC7,,E73640,
,,,,,,,,,,1200x1300,FN331-파티션 1200x1300,AOC7,,E73640,
,,,,,,,,,,1200x1400,FN331-파티션 1200x1400,AOC7,,E73640,
,,,,,,,,,,1200x1500,FN331-파티션 1200x1500,AOC7,,E73640,
,,,,,,,,,,1200x1600,FN331-파티션 1200x1600,AOC7,,E73640,
,,,,,,,,,,1500x600,FN331-파티션 1500x600,AOC7,,E73640,
,,,,,,,,,,1500x700,FN331-파티션 1500x700,AOC7,,E73640,
,,,,,,,,,,1500x800,FN331-파티션 1500x800,AOC7,,E73640,
,,,,,,,,,,1500x900,FN331-파티션 1500x900,AOC7,,E73640,
,,,,,,,,,,1500x1000,FN331-파티션 1500x1000,AOC7,,E73640,
,,,,,,,,,,1500x1100,FN331-파티션 1500x1100,AOC7,,E73640,
,,,,,,,,,,1500x1200,FN331-파티션 1500x1200,AOC7,,E73640,
,,,,,,,,,,1500x1300,FN331-파티션 1500x1300,AOC7,,E73640,
,,,,,,,,,,1500x1400,FN331-파티션 1500x1400,AOC7,,E73640,
,,,,,,,,,,1500x1500,FN331-파티션 1500x1500,AOC7,,E73640,
,,,,,,,,,,1500x1600,FN331-파티션 1500x1600,AOC7,,E73640,
,,,,,,,,,,1800x600,FN331-파티션 1800x600,AOC7,,E73640,
,,,,,,,,,,1800x700,FN331-파티션 1800x700,AOC7,,E73640,
,,,,,,,,,,1800x800,FN331-파티션 1800x800,AOC7,,E73640,
,,,,,,,,,,1800x900,FN331-파티션 1800x900,AOC7,,E73640,
,,,,,,,,,,1800x1000,FN331-파티션 1800x1000,AOC7,,E73640,
,,,,,,,,,,1800x1100,FN331-파티션 1800x1100,AOC7,,E73640,
,,,,,,,,,,1800x1200,FN331-파티션 1800x1200,AOC7,,E73640,
,,,,,,,,,,1800x1300,FN331-파티션 1800x1300,AOC7,,E73640,
,,,,,,,,,,1800x1400,FN331-파티션 1800x1400,AOC7,,E73640,
,,,,,,,,,,1800x1500,FN331-파티션 1800x1500,AOC7,,E73640,
,,,,,,,,,,1800x1600,FN331-파티션 1800x1600,AOC7,,E73640,
,,,,331.0,파티션,FN331,FN331-38T Partition Glass Block_Double Blet Type,○,,451x38x1200,FN331-38T Partition Glass Block_Double Blet Type 451x38x1200,AOC7,,E73640,반유리형 추가 가능 (크기별)
,,,,,,,,○,,451x38x1500,FN331-38T Partition Glass Block_Double Blet Type 451x38x1500,AOC7,,E73640,
,,,,,,,,○,,451x38x1800,FN331-38T Partition Glass Block_Double Blet Type 451x38x1800,AOC7,,E73640,
,,,,,,,,○,,601x38x1200,FN331-38T Partition Glass Block_Double Blet Type 601x38x1200,AOC7,,E73640,
,,,,,,,,○,,601x38x1500,FN331-38T Partition Glass Block_Double Blet Type 601x38x1500,AOC7,,E73640,
,,,,,,,,○,,601x38x1800,FN331-38T Partition Glass Block_Double Blet Type 601x38x1800,AOC7,,E73640,
,,,,,,,,○,,701x38x1200,FN331-38T Partition Glass Block_Double Blet Type 701x38x1200,AOC7,,E73640,
,,,,,,,,○,,701x38x1500,FN331-38T Partition Glass Block_Double Blet Type 701x38x1500,AOC7,,E73640,
,,,,,,,,○,,701x38x1800,FN331-38T Partition Glass Block_Double Blet Type 701x38x1800,AOC7,,E73640,
,,,,,,,,○,,801x38x1200,FN331-38T Partition Glass Block_Double Blet Type 801x38x1200,AOC7,,E73640,
,,,,,,,,○,,801x38x1500,FN331-38T Partition Glass Block_Double Blet Type 801x38x1500,AOC7,,E73640,
,,,,,,,,○,,801x38x1800,FN331-38T Partition Glass Block_Double Blet Type 801x38x1800,AOC7,,E73640,
,,,,,,,,○,,901x38x1200,FN331-38T Partition Glass Block_Double Blet Type 901x38x1200,AOC7,,E73640,
,,,,,,,,○,,901x38x1500,FN331-38T Partition Glass Block_Double Blet Type 901x38x1500,AOC7,,E73640,
,,,,,,,,○,,901x38x1800,FN331-38T Partition Glass Block_Double Blet Type 901x38x1800,AOC7,,E73640,
,,,,,,,,○,,1001x38x1200,FN331-38T Partition Glass Block_Double Blet Type 1001x38x1200,AOC7,,E73640,
,,,,,,,,○,,1001x38x1500,FN331-38T Partition Glass Block_Double Blet Type 1001x38x1500,AOC7,,E73640,
,,,,,,,,○,,1001x38x1800,FN331-38T Partition Glass Block_Double Blet Type 1001x38x1800,AOC7,,E73640,
,,,,,,,,○,,1201x38x1200,FN331-38T Partition Glass Block_Double Blet Type 1201x38x1200,AOC7,,E73640,
,,,,,,,,○,,1201x38x1500,FN331-38T Partition Glass Block_Double Blet Type 1201x38x1500,AOC7,,E73640,
,,,,,,,,○,,1201x38x1800,FN331-38T Partition Glass Block_Double Blet Type 1201x38x1800,AOC7,,E73640,
,,,,,,,,○,,1600x38x1200,FN331-38T Partition Glass Block_Double Blet Type 1600x38x1200,AOC7,,E73640,
,,,,,,,,○,,1600x38x1500,FN331-38T Partition Glass Block_Double Blet Type 1600x38x1500,AOC7,,E73640,
,,,,,,,,○,,1600x38x1800,FN331-38T Partition Glass Block_Double Blet Type 1600x38x1800,AOC7,,E73640,
,,,,,,,,○,,1800x38x1200,FN331-38T Partition Glass Block_Double Blet Type 1800x38x1200,AOC7,,E73640,
,,,,,,,,○,,1800x38x1500,FN331-38T Partition Glass Block_Double Blet Type 1800x38x1500,AOC7,,E73640,
,,,,,,,,○,,1800x38x1800,FN331-38T Partition Glass Block_Double Blet Type 1800x38x1800,AOC7,,E73640,
,,,,,,FN331,FN331-38T Partition_General Type,○,,451x38x900,FN331-38T Partition_General Type 451x38x900,AOC7,,E73640,
,,,,,,,,○,,451x38x1050,FN331-38T Partition_General Type 451x38x1050,AOC7,,E73640,
,,,,,,,,○,,451x38x1200,FN331-38T Partition_General Type 451x38x1200,AOC7,,E73640,
,,,,,,,,○,,451x38x1500,FN331-38T Partition_General Type 451x38x1500,AOC7,,E73640,
,,,,,,,,○,,451x38x1800,FN331-38T Partition_General Type 451x38x1800,AOC7,,E73640,
,,,,,,,,○,,601x38x900,FN331-38T Partition_General Type 601x38x900,AOC7,,E73640,
,,,,,,,,○,,601x38x1050,FN331-38T Partition_General Type 601x38x1050,AOC7,,E73640,
,,,,,,,,○,,601x38x1200,FN331-38T Partition_General Type 601x38x1200,AOC7,,E73640,
,,,,,,,,○,,601x38x1500,FN331-38T Partition_General Type 601x38x1500,AOC7,,E73640,
,,,,,,,,○,,601x38x1800,FN331-38T Partition_General Type 601x38x1800,AOC7,,E73640,
,,,,,,,,○,,701x38x900,FN331-38T Partition_General Type 701x38x900,AOC7,,E73640,
,,,,,,,,○,,701x38x1050,FN331-38T Partition_General Type 701x38x1050,AOC7,,E73640,
,,,,,,,,○,,701x38x1200,FN331-38T Partition_General Type 701x38x1200,AOC7,,E73640,
,,,,,,,,○,,701x38x1500,FN331-38T Partition_General Type 701x38x1500,AOC7,,E73640,
,,,,,,,,○,,701x38x1800,FN331-38T Partition_General Type 701x38x1800,AOC7,,E73640,
,,,,,,,,○,,801x38x900,FN331-38T Partition_General Type 801x38x900,AOC7,,E73640,
,,,,,,,,○,,801x38x1050,FN331-38T Partition_General Type 801x38x1050,AOC7,,E73640,
,,,,,,,,○,,801x38x1200,FN331-38T Partition_General Type 801x38x1200,AOC7,,E73640,
,,,,,,,,○,,801x38x1500,FN331-38T Partition_General Type 801x38x1500,AOC7,,E73640,
,,,,,,,,○,,801x38x1800,FN331-38T Partition_General Type 801x38x1800,AOC7,,E73640,
,,,,,,,,○,,901x38x900,FN331-38T Partition_General Type 901x38x900,AOC7,,E73640,
,,,,,,,,○,,901x38x1050,FN331-38T Partition_General Type 901x38x1050,AOC7,,E73640,
,,,,,,,,○,,901x38x1200,FN331-38T Partition_General Type 901x38x1200,AOC7,,E73640,
,,,,,,,,○,,901x38x1500,FN331-38T Partition_General Type 901x38x1500,AOC7,,E73640,
,,,,,,,,○,,901x38x1800,FN331-38T Partition_General Type 901x38x1800,AOC7,,E73640,
,,,,,,,,○,,1001x38x900,FN331-38T Partition_General Type 1001x38x900,AOC7,,E73640,
,,,,,,,,○,,1001x38x1050,FN331-38T Partition_General Type 1001x38x1050,AOC7,,E73640,
,,,,,,,,○,,1001x38x1200,FN331-38T Partition_General Type 1001x38x1200,AOC7,,E73640,
,,,,,,,,○,,1001x38x1800,FN331-38T Partition_General Type 1001x38x1800,AOC7,,E73640,
,,,,,,,,○,,1001x38x1500,FN331-38T Partition_General Type 1001x38x1500,AOC7,,E73640,
,,,,,,,,○,,1201x38x900,FN331-38T Partition_General Type 1201x38x900,AOC7,,E73640,
,,,,,,,,○,,1201x38x1050,FN331-38T Partition_General Type 1201x38x1050,AOC7,,E73640,
,,,,,,,,○,,1201x38x1200,FN331-38T Partition_General Type 1201x38x1200,AOC7,,E73640,
,,,,,,,,○,,1201x38x1500,FN331-38T Partition_General Type 1201x38x1500,AOC7,,E73640,
,,,,,,,,○,,1201x38x1800,FN331-38T Partition_General Type 1201x38x1800,AOC7,,E73640,
,,,,,,,,○,,1600x38x900,FN331-38T Partition_General Type 1600x38x900,AOC7,,E73640,
,,,,,,,,○,,1600x38x1050,FN331-38T Partition_General Type 1600x38x1050,AOC7,,E73640,
,,,,,,,,○,,1600x38x1200,FN331-38T Partition_General Type 1600x38x1200,AOC7,,E73640,
,,,,,,,,○,,1600x38x1800,FN331-38T Partition_General Type 1600x38x1800,AOC7,,E73640,
,,,,,,,,○,,1600x38x1500,FN331-38T Partition_General Type 1600x38x1500,AOC7,,E73640,
,,,,,,,,○,,1800x38x900,FN331-38T Partition_General Type 1800x38x900,AOC7,,E73640,
,,,,,,,,○,,1800x38x1050,FN331-38T Partition_General Type 1800x38x1050,AOC7,,E73640,
,,,,,,,,○,,1800x38x1200,FN331-38T Partition_General Type 1800x38x1200,AOC7,,E73640,
,,,,,,,,○,,1800x38x1500,FN331-38T Partition_General Type 1800x38x1500,AOC7,,E73640,
,,,,,,,,○,,1800x38x1800,FN331-38T Partition_General Type 1800x38x1800,AOC7,,E73640,
,,,,,,FN331,FN331-60T Partition_General Type,○,,450x60x1060,FN331-60T Partition_General Type 450x60x1060,AOC7,,E73640,
,,,,,,,,○,,600x60x1060,FN331-60T Partition_General Type 600x60x1060,AOC7,,E73640,
,,,,,,,,○,,700x60x1060,FN331-60T Partition_General Type 700x60x1060,AOC7,,E73640,
,,,,,,,,○,,800x60x1060,FN331-60T Partition_General Type 800x60x1060,AOC7,,E73640,
,,,,,,,,○,,900x60x1060,FN331-60T Partition_General Type 900x60x1060,AOC7,,E73640,
,,,,,,,,○,,1000x60x1060,FN331-60T Partition_General Type 1000x60x1060,AOC7,,E73640,
,,,,,,,,○,,1200x60x1060,FN331-60T Partition_General Type 1200x60x1060,AOC7,,E73640,
,,,,,,,,○,,450x60x1210,FN331-60T Partition_General Type 450x60x1210,AOC7,,E73640,
,,,,,,,,○,,600x60x1210,FN331-60T Partition_General Type 600x60x1210,AOC7,,E73640,
,,,,,,,,○,,700x60x1210,FN331-60T Partition_General Type 700x60x1210,AOC7,,E73640,
,,,,,,,,○,,800x60x1210,FN331-60T Partition_General Type 800x60x1210,AOC7,,E73640,
,,,,,,,,○,,900x60x1210,FN331-60T Partition_General Type 900x60x1210,AOC7,,E73640,
,,,,,,,,○,,1000x60x1210,FN331-60T Partition_General Type 1000x60x1210,AOC7,,E73640,
,,,,,,,,○,,1200x60x1210,FN331-60T Partition_General Type 1200x60x1210,AOC7,,E73640,
,,,,,,,,○,,450x60x1510,FN331-60T Partition_General Type 450x60x1510,AOC7,,E73640,
,,,,,,,,○,,600x60x1510,FN331-60T Partition_General Type 600x60x1510,AOC7,,E73640,
,,,,,,,,○,,700x60x1510,FN331-60T Partition_General Type 700x60x1510,AOC7,,E73640,
,,,,,,,,○,,800x60x1510,FN331-60T Partition_General Type 800x60x1510,AOC7,,E73640,
,,,,,,,,○,,900x60x1510,FN331-60T Partition_General Type 900x60x1510,AOC7,,E73640,
,,,,,,,,○,,1000x60x1510,FN331-60T Partition_General Type 1000x60x1510,AOC7,,E73640,
,,,,,,,,○,,1200x60x1510,FN331-60T Partition_General Type 1200x60x1510,AOC7,,E73640,
,,,,,,,,○,,450x60x1810,FN331-60T Partition_General Type 450x60x1810,AOC7,,E73640,
,,,,,,,,○,,600x60x1810,FN331-60T Partition_General Type 600x60x1810,AOC7,,E73640,
,,,,,,,,○,,700x60x1810,FN331-60T Partition_General Type 700x60x1810,AOC7,,E73640,
,,,,,,,,○,,800x60x1810,FN331-60T Partition_General Type 800x60x1810,AOC7,,E73640,
,,,,,,,,○,,900x60x1810,FN331-60T Partition_General Type 900x60x1810,AOC7,,E73640,
,,,,,,,,○,,1000x60x1810,FN331-60T Partition_General Type 1000x60x1810,AOC7,,E73640,
,,,,,,,,○,,1200x60x1810,FN331-60T Partition_General Type 1200x60x1810,AOC7,,E73640,
,,,,,,FN331,FN331-Partition Glass Block_Double Blet Type,○,,450x65x1190,FN331-Partition Glass Block_Double Blet Type 450x65x1190,AOC7,,E73640,
,,,,,,,,○,,450x65x1490,FN331-Partition Glass Block_Double Blet Type 450x65x1490,AOC7,,E73640,
,,,,,,,,○,,450x65x1790,FN331-Partition Glass Block_Double Blet Type 450x65x1790,AOC7,,E73640,
,,,,,,,,○,,600x65x1190,FN331-Partition Glass Block_Double Blet Type 600x65x1190,AOC7,,E73640,
,,,,,,,,○,,600x65x1490,FN331-Partition Glass Block_Double Blet Type 600x65x1490,AOC7,,E73640,
,,,,,,,,○,,600x65x1790,FN331-Partition Glass Block_Double Blet Type 600x65x1790,AOC7,,E73640,
,,,,,,,,○,,700x65x1190,FN331-Partition Glass Block_Double Blet Type 700x65x1190,AOC7,,E73640,
,,,,,,,,○,,700x65x1490,FN331-Partition Glass Block_Double Blet Type 700x65x1490,AOC7,,E73640,
,,,,,,,,○,,700x65x1790,FN331-Partition Glass Block_Double Blet Type 700x65x1790,AOC7,,E73640,
,,,,,,,,○,,800x65x1190,FN331-Partition Glass Block_Double Blet Type 800x65x1190,AOC7,,E73640,
,,,,,,,,○,,800x65x1490,FN331-Partition Glass Block_Double Blet Type 800x65x1490,AOC7,,E73640,
,,,,,,,,○,,800x65x1790,FN331-Partition Glass Block_Double Blet Type 800x65x1790,AOC7,,E73640,
,,,,,,,,○,,900x65x1190,FN331-Partition Glass Block_Double Blet Type 900x65x1190,AOC7,,E73640,
,,,,,,,,○,,900x65x1490,FN331-Partition Glass Block_Double Blet Type 900x65x1490,AOC7,,E73640,
,,,,,,,,○,,900x65x1790,FN331-Partition Glass Block_Double Blet Type 900x65x1790,AOC7,,E73640,
,,,,,,,,○,,1000x65x1190,FN331-Partition Glass Block_Double Blet Type 1000x65x1190,AOC7,,E73640,
,,,,,,,,○,,1000x65x1490,FN331-Partition Glass Block_Double Blet Type 1000x65x1490,AOC7,,E73640,
,,,,,,,,○,,1000x65x1790,FN331-Partition Glass Block_Double Blet Type 1000x65x1790,AOC7,,E73640,
,,,,,,,,○,,1200x65x1190,FN331-Partition Glass Block_Double Blet Type 1200x65x1190,AOC7,,E73640,
,,,,,,,,○,,1200x65x1490,FN331-Partition Glass Block_Double Blet Type 1200x65x1490,AOC7,,E73640,
,,,,,,,,○,,1200x65x1790,FN331-Partition Glass Block_Double Blet Type 1200x65x1790,AOC7,,E73640,
,,,,,,,,○,,1400x65x1190,FN331-Partition Glass Block_Double Blet Type 1400x65x1190,AOC7,,E73640,
,,,,,,,,○,,1400x65x1490,FN331-Partition Glass Block_Double Blet Type 1400x65x1490,AOC7,,E73640,
,,,,,,,,○,,1400x65x1790,FN331-Partition Glass Block_Double Blet Type 1400x65x1790,AOC7,,E73640,
,,,,,,,,○,,1600x65x1190,FN331-Partition Glass Block_Double Blet Type 1600x65x1190,AOC7,,E73640,
,,,,,,,,○,,1600x65x1490,FN331-Partition Glass Block_Double Blet Type 1600x65x1490,AOC7,,E73640,
,,,,,,,,○,,1600x65x1790,FN331-Partition Glass Block_Double Blet Type 1600x65x1790,AOC7,,E73640,
,,,,,,,,○,,1800x65x1190,FN331-Partition Glass Block_Double Blet Type 1800x65x1190,AOC7,,E73640,
,,,,,,,,○,,1800x65x1490,FN331-Partition Glass Block_Double Blet Type 1800x65x1490,AOC7,,E73640,
,,,,,,,,○,,1800x65x1790,FN331-Partition Glass Block_Double Blet Type 1800x65x1790,AOC7,,E73640,
,,,,,,FN331,FN331-Partition Glass Type (1 Upper Level),○,,450x60x1510,FN331-Partition Glass Type (1 Upper Level) 450x60x1510,AOC7,,E73640,
,,,,,,,,○,,450x60x1810,FN331-Partition Glass Type (1 Upper Level) 450x60x1810,AOC7,,E73640,
,,,,,,,,○,,600x60x1510,FN331-Partition Glass Type (1 Upper Level) 600x60x1510,AOC7,,E73640,
,,,,,,,,○,,600x60x1810,FN331-Partition Glass Type (1 Upper Level) 600x60x1810,AOC7,,E73640,
,,,,,,,,○,,700x60x1510,FN331-Partition Glass Type (1 Upper Level) 700x60x1510,AOC7,,E73640,
,,,,,,,,○,,700x60x1810,FN331-Partition Glass Type (1 Upper Level) 700x60x1810,AOC7,,E73640,
,,,,,,,,○,,800x60x1510,FN331-Partition Glass Type (1 Upper Level) 800x60x1510,AOC7,,E73640,
,,,,,,,,○,,800x60x1810,FN331-Partition Glass Type (1 Upper Level) 800x60x1810,AOC7,,E73640,
,,,,,,,,○,,900x60x1510,FN331-Partition Glass Type (1 Upper Level) 900x60x1510,AOC7,,E73640,
,,,,,,,,○,,900x60x1810,FN331-Partition Glass Type (1 Upper Level) 900x60x1810,AOC7,,E73640,
,,,,,,,,○,,1000x60x1510,FN331-Partition Glass Type (1 Upper Level) 1000x60x1510,AOC7,,E73640,
,,,,,,,,○,,1000x60x1810,FN331-Partition Glass Type (1 Upper Level) 1000x60x1810,AOC7,,E73640,
,,,,,,,,○,,1200x60x1510,FN331-Partition Glass Type (1 Upper Level) 1200x60x1510,AOC7,,E73640,
,,,,,,,,○,,1200x60x1810,FN331-Partition Glass Type (1 Upper Level) 1200x60x1810,AOC7,,E73640,
,,,,,,FN331,FN331-Partition_Double Belt Type,○,,450x65x900,FN331-Partition_Double Belt Type 450x65x900,AOC7,,E73640,
,,,,,,,,○,,450x65x1050,FN331-Partition_Double Belt Type 450x65x1050,AOC7,,E73640,
,,,,,,,,○,,450x65x1190,FN331-Partition_Double Belt Type 450x65x1190,AOC7,,E73640,
,,,,,,,,○,,600x65x900,FN331-Partition_Double Belt Type 600x65x900,AOC7,,E73640,
,,,,,,,,○,,600x65x1050,FN331-Partition_Double Belt Type 600x65x1050,AOC7,,E73640,
,,,,,,,,○,,600x65x1190,FN331-Partition_Double Belt Type 600x65x1190,AOC7,,E73640,
,,,,,,,,○,,700x65x900,FN331-Partition_Double Belt Type 700x65x900,AOC7,,E73640,
,,,,,,,,○,,700x65x1050,FN331-Partition_Double Belt Type 700x65x1050,AOC7,,E73640,
,,,,,,,,○,,700x65x1190,FN331-Partition_Double Belt Type 700x65x1190,AOC7,,E73640,
,,,,,,,,○,,800x65x900,FN331-Partition_Double Belt Type 800x65x900,AOC7,,E73640,
,,,,,,,,○,,800x65x1050,FN331-Partition_Double Belt Type 800x65x1050,AOC7,,E73640,
,,,,,,,,○,,800x65x1190,FN331-Partition_Double Belt Type 800x65x1190,AOC7,,E73640,
,,,,,,,,○,,900x65x900,FN331-Partition_Double Belt Type 900x65x900,AOC7,,E73640,
,,,,,,,,○,,900x65x1050,FN331-Partition_Double Belt Type 900x65x1050,AOC7,,E73640,
,,,,,,,,○,,900x65x1190,FN331-Partition_Double Belt Type 900x65x1190,AOC7,,E73640,
,,,,,,,,○,,1000x65x900,FN331-Partition_Double Belt Type 1000x65x900,AOC7,,E73640,
,,,,,,,,○,,1000x65x1050,FN331-Partition_Double Belt Type 1000x65x1050,AOC7,,E73640,
,,,,,,,,○,,1000x65x1190,FN331-Partition_Double Belt Type 1000x65x1190,AOC7,,E73640,
,,,,,,,,○,,1200x65x900,FN331-Partition_Double Belt Type 1200x65x900,AOC7,,E73640,
,,,,,,,,○,,1200x65x1050,FN331-Partition_Double Belt Type 1200x65x1050,AOC7,,E73640,
,,,,,,,,○,,1200x65x1190,FN331-Partition_Double Belt Type 1200x65x1190,AOC7,,E73640,
,,,,,,FN331,FN331-Partition_General Type,○,,450x65x900,FN331-Partition_General Type 450x65x900,AOC7,,E73640,
,,,,,,,,○,,450x65x1050,FN331-Partition_General Type 450x65x1050,AOC7,,E73640,
,,,,,,,,○,,450x65x1190,FN331-Partition_General Type 450x65x1190,AOC7,,E73640,
,,,,,,,,○,,600x65x900,FN331-Partition_General Type 600x65x900,AOC7,,E73640,
,,,,,,,,○,,600x65x1050,FN331-Partition_General Type 600x65x1050,AOC7,,E73640,
,,,,,,,,○,,600x65x1190,FN331-Partition_General Type 600x65x1190,AOC7,,E73640,
,,,,,,,,○,,700x65x900,FN331-Partition_General Type 700x65x900,AOC7,,E73640,
,,,,,,,,○,,700x65x1050,FN331-Partition_General Type 700x65x1050,AOC7,,E73640,
,,,,,,,,○,,700x65x1190,FN331-Partition_General Type 700x65x1190,AOC7,,E73640,
,,,,,,,,○,,800x65x900,FN331-Partition_General Type 800x65x900,AOC7,,E73640,
,,,,,,,,○,,800x65x1050,FN331-Partition_General Type 800x65x1050,AOC7,,E73640,
,,,,,,,,○,,800x65x1190,FN331-Partition_General Type 800x65x1190,AOC7,,E73640,
,,,,,,,,○,,900x65x900,FN331-Partition_General Type 900x65x900,AOC7,,E73640,
,,,,,,,,○,,900x65x1050,FN331-Partition_General Type 900x65x1050,AOC7,,E73640,
,,,,,,,,○,,900x65x1190,FN331-Partition_General Type 900x65x1190,AOC7,,E73640,
,,,,,,,,○,,1000x65x900,FN331-Partition_General Type 1000x65x900,AOC7,,E73640,
,,,,,,,,○,,1000x65x1050,FN331-Partition_General Type 1000x65x1050,AOC7,,E73640,
,,,,,,,,○,,1000x65x1190,FN331-Partition_General Type 1000x65x1190,AOC7,,E73640,
,,,,,,,,○,,1200x65x900,FN331-Partition_General Type 1200x65x900,AOC7,,E73640,
,,,,,,,,○,,1200x65x1050,FN331-Partition_General Type 1200x65x1050,AOC7,,E73640,
,,,,,,,,○,,1200x65x1190,FN331-Partition_General Type 1200x65x1190,AOC7,,E73640,
,,,,,,FN331,FN331-Partition_Single Belt Type,○,,450x65x900,FN331-Partition_Single Belt Type 450x65x900,AOC7,,E73640,
,,,,,,,,○,,450x65x1050,FN331-Partition_Single Belt Type 450x65x1050,AOC7,,E73640,
,,,,,,,,○,,450x65x1190,FN331-Partition_Single Belt Type 450x65x1190,AOC7,,E73640,
,,,,,,,,○,,600x65x900,FN331-Partition_Single Belt Type 600x65x900,AOC7,,E73640,
,,,,,,,,○,,600x65x1050,FN331-Partition_Single Belt Type 600x65x1050,AOC7,,E73640,
,,,,,,,,○,,600x65x1190,FN331-Partition_Single Belt Type 600x65x1190,AOC7,,E73640,
,,,,,,,,○,,700x65x900,FN331-Partition_Single Belt Type 700x65x900,AOC7,,E73640,
,,,,,,,,○,,700x65x1050,FN331-Partition_Single Belt Type 700x65x1050,AOC7,,E73640,
,,,,,,,,○,,700x65x1190,FN331-Partition_Single Belt Type 700x65x1190,AOC7,,E73640,
,,,,,,,,○,,800x65x900,FN331-Partition_Single Belt Type 800x65x900,AOC7,,E73640,
,,,,,,,,○,,800x65x1050,FN331-Partition_Single Belt Type 800x65x1050,AOC7,,E73640,
,,,,,,,,○,,800x65x1190,FN331-Partition_Single Belt Type 800x65x1190,AOC7,,E73640,
,,,,,,,,○,,900x65x900,FN331-Partition_Single Belt Type 900x65x900,AOC7,,E73640,
,,,,,,,,○,,900x65x1050,FN331-Partition_Single Belt Type 900x65x1050,AOC7,,E73640,
,,,,,,,,○,,900x65x1190,FN331-Partition_Single Belt Type 900x65x1190,AOC7,,E73640,
,,,,,,,,○,,1000x65x900,FN331-Partition_Single Belt Type 1000x65x900,AOC7,,E73640,
,,,,,,,,○,,1000x65x1050,FN331-Partition_Single Belt Type 1000x65x1050,AOC7,,E73640,
,,,,,,,,○,,1000x65x1190,FN331-Partition_Single Belt Type 1000x65x1190,AOC7,,E73640,
,,,,,,,,○,,1200x65x900,FN331-Partition_Single Belt Type 1200x65x900,AOC7,,E73640,
,,,,,,,,○,,1200x65x1050,FN331-Partition_Single Belt Type 1200x65x1050,AOC7,,E73640,
,,,,,,,,○,,1200x65x1190,FN331-Partition_Single Belt Type 1200x65x1190,AOC7,,E73640,
,,,,,,,,,,,,,,,
,,,,,,,,,,,,,,,
,,,,,,,,,,,,,,E73640,
,,,,,,,,,,,,,,,
,,,,,,,,,,,,,,,
,,,,,,,,,,,,,,,
,,,,,,,,,,,,,,,
,,,,,,,,,,,,,,,
,,,,,,,,,,,,,,,
,,,,,,,,,,,,,,,
,,,,,,,,,,,,,,,
,,,,,,,,,,,,,,,
,,,,,,,,,,,,,,,
,,,,,,,,,,,,,,,
,,,,,,,,,,,,,,,
,,,,,,,,,,,,,,,
,,,,,,,,,,,,,,,
,,,,,,,,,,,,,,,
,,340.0,장비,,,,,,,,,,,,
,,,,,,,,,,,,,,,
,,,,,,,,,,,,,,,
,,,,,,,,,,,,,,,
FN400,교육용 가구 및 기기,,,,,,,,,,,,,,
,,410.0,휴식용 가구,,,,,,,,,,,E81,
,,,,411.0,,,,,,,,,,E81,
,,,,412.0,,,,,,,,,,E81,
,,420.0,업무용 가구,,,,,,,,,,,E81,
,,,,421.0,강의실용 연결책상,FN421,FN421-강의실용 연결책상,,,,FN421-강의실용 연결책상 ,APA,,E81,
,,,,422.0,강의실용 의자,FN422,FN422-강의실용 의자,○,,465x480,FN422-강의실용 의자 465x480,APA,,E81,
,,,,423.0,독서실용 책상,FN423,FN423-독서실용 책상(기본형),○,,1500x670x1200,FN423-독서실용 책상(기본형) 1500x670x1200,APA,,E81,
,,,,424.0,강의용 테이블,FN424,FN424-강의용 테이블,,,,,APA,,E81,
,,,,,,,,○,,고정 기본형 700x520x720,FN424-강의용 테이블 고정 기본형 700x520x720,APA,,E81,
,,,,,,,,○,,고정 기본형 접힘 700x520x720,FN424-강의용 테이블 고정 기본형 접힘 700x520x720,APA,,E81,
,,,,,,,,○,,고정 앞가림판형 700x520x720,FN424-강의용 테이블 고정 앞가림판형 700x520x720,APA,,E81,
,,,,,,,,○,,고정 앞가림판형 접힘 700x520x720,FN424-강의용 테이블 고정 앞가림판형 접힘 700x520x720,APA,,E81,
,,,,,,,,○,,높이조절 기본형 700x520x700-975,FN424-강의용 테이블 높이조절 기본형 700x520x700-975,APA,,E81,
,,,,,,,,○,,높이조절 기본형 접힘 700x520x700-975,FN424-강의용 테이블 높이조절 기본형 접힘 700x520x700-975,APA,,E81,
,,,,,,,,○,,높이조절 앞가림판형 700x520x700-975,FN424-강의용 테이블 높이조절 앞가림판형 700x520x700-975,APA,,E81,
,,,,,,,,○,,높이조절 앞가림판형 접힘 700x520x700-975,FN424-강의용 테이블 높이조절 앞가림판형 접힘 700x520x700-975,APA,,E81,
,,,,425.0,열람대,FN425,FN425-오픈열람대 (단면2인용),○,,1600x650x750,FN425-오픈열람대 (단면2인용) 1600x650x750,APA,,E81,
,,,,,,,FN425-오픈열람대 (단면3인용),○,,2400x650x750,FN425-오픈열람대 (단면3인용) 2400x650x750,APA,,E81,
,,,,,,,FN425-오픈열람대 (양면4인용),○,,1600x1100x750,FN425-오픈열람대 (양면4인용) 1600x1100x750,APA,,E81,
,,,,,,,FN425-오픈열람대 (양면6인용),○,,2400x1100x750,FN425-오픈열람대 (양면6인용) 2400x1100x750,APA,,E81,
,,,,,,,FN425-칸막이열람대 (단면2인용),○,,1600x650x1320,FN425-칸막이열람대 (단면2인용) 1600x650x1320,APA,,E81,
,,,,,,,FN425-칸막이열람대 (단면3인용),○,,2400x650x1320,FN425-칸막이열람대 (단면3인용) 2400x650x1320,APA,,E81,
,,,,,,,FN425-칸막이열람대 (양면4인용),○,,1600x1100x1320,FN425-칸막이열람대 (양면4인용) 1600x1100x1320,APA,,E81,
,,,,,,,FN425-칸막이열람대 (양면6인용),○,,2400x1100x1320,FN425-칸막이열람대 (양면6인용) 2400x1100x1320,APA,,E81,
,,,,,,,FN425-PC용 오픈열람대 (단면2인용),○,,1600x650x750,FN425-PC용 오픈열람대 (단면2인용) 1600x650x750,APA,,E81,
,,,,,,,FN425-PC용 오픈열람대 (단면3인용),○,,2400x650x750,FN425-PC용 오픈열람대 (단면3인용) 2400x650x750,APA,,E81,
,,,,,,,FN425-PC용 오픈열람대 (양면4인용),○,,1600x1100x750,FN425-PC용 오픈열람대 (양면4인용) 1600x1100x750,APA,,E81,
,,,,,,,FN425-PC용 오픈열람대 (양면6인용),○,,2400x1100x750,FN425-PC용 오픈열람대 (양면6인용) 2400x1100x750,APA,,E81,
,,,,,,,FN425-PC용 칸막이열람대 (단면2인용),○,,1600x650x1320,FN425-PC용 칸막이열람대 (단면2인용) 1600x650x1320,APA,,E81,
,,,,,,,FN425-PC용 칸막이열람대 (단면3인용),○,,2400x650x1320,FN425-PC용 칸막이열람대 (단면3인용) 2400x650x1320,APA,,E81,
,,,,,,,FN425-PC용 칸막이열람대 (양면4인용),○,,1600x1100x1320,FN425-PC용 칸막이열람대 (양면4인용) 1600x1100x1320,APA,,E81,
,,,,,,,FN425-PC용 칸막이열람대 (양면6인용),○,,2400x1100x1320,FN425-PC용 칸막이열람대 (양면6인용) 2400x1100x1320,APA,,E81,
,,,,426.0,실험대,FN426,FN426-교사용 일반실험대 ,,,,,APA,,E81,
,,,,,,,,○,,2100x900x800,FN426-교사용 일반실험대  2100x900x800,APA,,E81,
,,,,,,,,○,,콘센트 2100x900x800,FN426-교사용 일반실험대  콘센트 2100x900x800,APA,,E81,
,,,,,,,FN426-학생용 일반실험대,,,,,APA,,E81,
,,,,,,,,○,,2인용 1200x600x740,FN426-학생용 일반실험대 2인용 1200x600x740,APA,,E81,
,,,,,,,,○,,3인용 1800x600x740,FN426-학생용 일반실험대 3인용 1800x600x740,APA,,E81,
,,,,,,,,○,,4인용 1200x900x740,FN426-학생용 일반실험대 4인용 1200x900x740,APA,,E81,
,,,,,,,,○,,6인용 1800x900x740,FN426-학생용 일반실험대 6인용 1800x900x740,APA,,E81,
,,,,,,,,○,,콘센트 2인용 1200x600x740,FN426-학생용 일반실험대 콘센트 2인용 1200x600x740,APA,,E81,
,,,,,,,,○,,콘센트 3인용 1800x600x740,FN426-학생용 일반실험대 콘센트 3인용 1800x600x740,APA,,E81,
,,,,,,,,○,,콘센트 4인용 1200x900x740,FN426-학생용 일반실험대 콘센트 4인용 1200x900x740,APA,,E81,
,,,,,,,,○,,콘센트 6인용 1800x900x740,FN426-학생용 일반실험대 콘센트 6인용 1800x900x740,APA,,E81,
,,,,,,,FN426-학생용 서랍형실험대,,,,,APA,,E81,
,,,,,,,,○,,2인용 1200x600x740,FN426-학생용 서랍형실험대 2인용 1200x600x740,APA,,E81,
,,,,,,,,○,,3인용 1800x600x740,FN426-학생용 서랍형실험대 3인용 1800x600x740,APA,,E81,
,,,,,,,,○,,4인용 1200x900x740,FN426-학생용 서랍형실험대 4인용 1200x900x740,APA,,E81,
,,,,,,,,○,,6인용 1800x900x740,FN426-학생용 서랍형실험대 6인용 1800x900x740,APA,,E81,
,,,,,,,,○,,콘센트 2인용 1200x600x740,FN426-학생용 서랍형실험대 콘센트 2인용 1200x600x740,APA,,E81,
,,,,,,,,○,,콘센트 3인용 1800x600x740,FN426-학생용 서랍형실험대 콘센트 3인용 1800x600x740,APA,,E81,
,,,,,,,,○,,콘센트 4인용 1200x900x740,FN426-학생용 서랍형실험대 콘센트 4인용 1200x900x740,APA,,E81,
,,,,,,,,○,,콘센트 6인용 1800x900x740,FN426-학생용 서랍형실험대 콘센트 6인용 1800x900x740,APA,,E81,
,,,,,,,,,,,,,,E81,
,,,,,,,,,,,,,,E81,
,,,,,,,,,,,,,,E81,
,,430.0,보관용 가구,,,,,,,,,,,E81,
,,,,431.0,이동랙,FN431,FN431-단식 핸들식 이동랙,,,,,APA,,E81,
,,,,,,,,○,,고정 1련 6단 1065x500x2300,FN431-단식 핸들식 이동랙 고정 1련 6단 1065x500x2300,APA,,E81,
,,,,,,,,○,,고정 2련 6단 1985x500x2300,FN431-단식 핸들식 이동랙 고정 2련 6단 1985x500x2300,APA,,E81,
,,,,,,,,○,,고정 3련 6단 2905x500x2300,FN431-단식 핸들식 이동랙 고정 3련 6단 2905x500x2300,APA,,E81,
,,,,,,,,○,,고정 4련 6단 3825x500x2300,FN431-단식 핸들식 이동랙 고정 4련 6단 3825x500x2300,APA,,E81,
,,,,,,,,○,,고정 5련 6단 4745x500x2300,FN431-단식 핸들식 이동랙 고정 5련 6단 4745x500x2300,APA,,E81,
,,,,,,,,○,,고정 6련 6단 5665x500x2300,FN431-단식 핸들식 이동랙 고정 6련 6단 5665x500x2300,APA,,E81,
,,,,,,,,○,,이동 1련 6단 1065x500x2300,FN431-단식 핸들식 이동랙 이동 1련 6단 1065x500x2300,APA,,E81,
,,,,,,,,○,,이동 2련 6단 1985x500x2300,FN431-단식 핸들식 이동랙 이동 2련 6단 1985x500x2300,APA,,E81,
,,,,,,,,○,,이동 3련 6단 2905x500x2300,FN431-단식 핸들식 이동랙 이동 3련 6단 2905x500x2300,APA,,E81,
,,,,,,,,○,,이동 4련 6단 3825x500x2300,FN431-단식 핸들식 이동랙 이동 4련 6단 3825x500x2300,APA,,E81,
,,,,,,,,○,,이동 5련 6단 4745x500x2300,FN431-단식 핸들식 이동랙 이동 5련 6단 4745x500x2300,APA,,E81,
,,,,,,,,○,,이동 6련 6단 5665x500x2300,FN431-단식 핸들식 이동랙 이동 6련 6단 5665x500x2300,APA,,E81,
,,,,,,,FN431-복식 핸들식 이동랙,,,,,APA,,E81,
,,,,,,,,○,,고정 1련 6단 1065x500x2300,FN431-복식 핸들식 이동랙 고정 1련 6단 1065x500x2300,APA,,E81,
,,,,,,,,○,,고정 2련 6단 1985x500x2300,FN431-복식 핸들식 이동랙 고정 2련 6단 1985x500x2300,APA,,E81,
,,,,,,,,○,,고정 3련 6단 2905x500x2300,FN431-복식 핸들식 이동랙 고정 3련 6단 2905x500x2300,APA,,E81,
,,,,,,,,○,,고정 4련 6단 3825x500x2300,FN431-복식 핸들식 이동랙 고정 4련 6단 3825x500x2300,APA,,E81,
,,,,,,,,○,,고정 5련 6단 4745x500x2300,FN431-복식 핸들식 이동랙 고정 5련 6단 4745x500x2300,APA,,E81,
,,,,,,,,○,,고정 6련 6단 5665x500x2300,FN431-복식 핸들식 이동랙 고정 6련 6단 5665x500x2300,APA,,E81,
,,,,,,,,○,,이동 1련 6단 1065x500x2300,FN431-복식 핸들식 이동랙 이동 1련 6단 1065x500x2300,APA,,E81,
,,,,,,,,○,,이동 2련 6단 1985x500x2300,FN431-복식 핸들식 이동랙 이동 2련 6단 1985x500x2300,APA,,E81,
,,,,,,,,○,,이동 3련 6단 2905x500x2300,FN431-복식 핸들식 이동랙 이동 3련 6단 2905x500x2300,APA,,E81,
,,,,,,,,○,,이동 4련 6단 3825x500x2300,FN431-복식 핸들식 이동랙 이동 4련 6단 3825x500x2300,APA,,E81,
,,,,,,,,○,,이동 5련 6단 4745x500x2300,FN431-복식 핸들식 이동랙 이동 5련 6단 4745x500x2300,APA,,E81,
,,,,,,,,○,,이동 6련 6단 5665x500x2300,FN431-복식 핸들식 이동랙 이동 6련 6단 5665x500x2300,APA,,E81,
,,,,,,,,,,,,,,E81,
,,,,,,,,,,,,,,E81,
,,,,,,,,,,,,,,E81,
,,440.0,장비,,,,,,,,,,,E81,
,,,,,,,,,,,,,,E81,
FN500,"문화, 체육용 가구 및 기기",,,,,,,,,,,,,E81,
,,510.0,휴식용 가구,,,,,,,,,,,E81,
,,,,511.0,휴게실 테이블,FN511,,,,, ,APA,,E81,
,,,,,,,FN511-원형 목제다리 테이블,○,,482x482x500,FN511-원형 목제다리 테이블 482x482x500,APA,,E81,
,,,,,,,FN511-타원 목제다리 테이블,○,,700x500x500,FN511-타원 목제다리 테이블 700x500x500,APA,,E81,
,,,,,,,FN511-삼각 철제다리 테이블 TYPE-1,○,,500x433x500,FN511-삼각 철제다리 테이블 TYPE-1 500x433x500,APA,,E81,
,,,,,,,FN511-삼각 철제다리 테이블 TYPE-2,○,,925x490x500,FN511-삼각 철제다리 테이블 TYPE-2 925x490x500,APA,,E81,
,,,,,,,FN511-원형 철제다리 테이블,○,,700x700x500,FN511-원형 철제다리 테이블 700x700x500,APA,,E81,
,,,,512.0,휴게실 소파,FN512,FN512-몽돌소파 1인,○,,750x750x400,FN512-몽돌소파 1인 750x750x400,APA,,E81,
,,,,,,,FN512-몽돌소파 2인,○,,1200x750x400,FN512-몽돌소파 2인 1200x750x400,APA,,E81,
,,,,,,,FN512-몽돌소파 3인,○,,1950x750x400,FN512-몽돌소파 3인 1950x750x400,APA,,E81,
,,,,,,,FN512-몽돌소파 등판,○,,750x150x700,FN512-몽돌소파 등판 750x150x700,APA,,E81,
,,,,,,,FN512-몽돌소파 등판 세트 1인,○,,750x900x700,FN512-몽돌소파 등판 세트 1인 750x900x700,APA,,E81,
,,,,,,,FN512-몽돌소파 등판 세트 2인,○,,1200x750x700,FN512-몽돌소파 등판 세트 2인 1200x750x700,APA,,E81,
,,,,,,,FN512-몽돌소파 등판 세트 3인,○,,1950x750x700,FN512-몽돌소파 등판 세트 3인 1950x750x700,APA,,E81,
,,,,,,,FN512-몽돌소파 사이드테이블,○,,750x350x400,FN512-몽돌소파 사이드테이블 750x350x400,APA,,E81,
,,,,,,,FN512-몽돌소파 코너테이블,○,,812x645x400,FN512-몽돌소파 코너테이블 812x645x400,APA,,E81,
,,,,,,,FN512-레이아웃 몽돌소파 5인 ,○,,1950x1500x700,FN512-레이아웃 몽돌소파 5인  1950x1500x700,APA,,E81,
,,,,,,,FN512-레이아웃 몽돌소파 6인 TYPE-1,○,,4600x750x700,FN512-레이아웃 몽돌소파 6인 TYPE-1 4600x750x700,APA,,E81,
,,,,,,,FN512-레이아웃 몽돌소파 6인 TYPE-2,○,,2400x1500x700,FN512-레이아웃 몽돌소파 6인 TYPE-2 2400x1500x700,APA,,E81,
,,,,,,,FN512-레이아웃 몽돌소파 6인 TYPE-3,○,,3540x1500x700,FN512-레이아웃 몽돌소파 6인 TYPE-3 3540x1500x700,APA,,E81,
,,,,,,,FN512-레이아웃 몽돌소파 8인,○,,3150x1650x700,FN512-레이아웃 몽돌소파 8인 3150x1650x700,APA,,E81,
,,,,,,,FN512-레이아웃 몽돌소파 12인,○,,5000x3750x700,FN512-레이아웃 몽돌소파 12인 5000x3750x700,APA,,E81,
,,,,,,,,,,,,,,E81,
,,520.0,업무용 가구,,,,,,,,,,,E81,
,,,,,,,,,,,,,,E81,
,,530.0,보관용 가구,,,,,,,,,,,E81,
,,,,,,,,,,,,,,E81,
,,540.0,장비,,,,,,,,,,,E81,
,,,,,,,,,,,,,,E81,
FN600,종교용 가구 및 기기,,,,,,,,,,,,,E81,
,,610.0,휴식용 가구,,,,,,,,,,,E81,
,,,,611.0,로비 및 휴게실 소파,FN611,,,,,,APA,,E81,
,,,,611.0,로비 및 휴게실 소파,FN611,FN611-사각 등받이 조합소파,○,,TYPE-1 600x645x723,FN611-사각 등받이 조합소파 TYPE-1 600x645x723,APA,,E81,
,,,,,,,,○,,TYPE-2 1000x645x723,FN611-사각 등받이 조합소파 TYPE-2 1000x645x723,APA,,E81,
,,,,,,,,○,,TYPE-3 1500x645x723,FN611-사각 등받이 조합소파 TYPE-3 1500x645x723,APA,,E81,
,,,,,,,FN611-곡면 등받이 조합소파 TYPE-1,○,,645x645x723,FN611-곡면 등받이 조합소파 TYPE-1 645x645x723,APA,,E81,
,,,,,,,FN611-곡면 등받이 조합소파 TYPE-2,○,,986x691x723,FN611-곡면 등받이 조합소파 TYPE-2 986x691x723,APA,,E81,
,,,,,,,FN611-곡면 등받이 조합소파 TYPE-3,○,,973x689x723,FN611-곡면 등받이 조합소파 TYPE-3 973x689x723,APA,,E81,
,,,,,,,FN611-사각 조합소파,○,,650x650x400,FN611-사각 조합소파 650x650x400,APA,,E81,
,,,,,,,FN611-삼각 조합소파,○,,650x650x400,FN611-삼각 조합소파 650x650x400,APA,,E81,
,,,,,,,FN611-레이아웃 조합소파 9인 ,○,,5150x1210x723,FN611-레이아웃 조합소파 9인  5150x1210x723,APA,,E81,
,,,,,,,FN611-레이아웃 조합소파 10인 ,○,,2800x1300x723,FN611-레이아웃 조합소파 10인  2800x1300x723,APA,,E81,
,,,,,,,FN611-레이아웃 조합소파 16인 ,○,,4577x3200x723,FN611-레이아웃 조합소파 16인  4577x3200x723,APA,,E81,
,,,,,,,FN611-레이아웃 조합소파 18인 ,○,,3195x3445x723,FN611-레이아웃 조합소파 18인  3195x3445x723,APA,,E81,
,,,,,,,,,,,,,,E81,
,,,업무용 가구,,,,,,,,,,,E81,
,,,,,,,,,,,,,,E81,
,,,보관용 가구,,,,,,,,,,,E81,
,,,,,,,,,,,,,,E81,
,,,장비,,,,,,,,,,,E81,
,,,,,,,,,,,,,,E81,
FN700,"산업, 제조용 가구 및 기기",,,,,,,,,,,,,E81,
,,,휴식용 가구,,,,,,,,,,,E81,
,,,,,,,,,,,,,,E81,
,,,업무용 가구,,,,,,,,,,,E81,
,,,,,,,,,,,,,,E81,
,,,보관용 가구,,,,,,,,,,,E81,
,,,,,,,,,,,,,,E81,
,,,장비,,,,,,,,,,,E81,
,,,,,,,,,,,,,,E81,
FN800,"의료, 연구용 가구 및 기기",,,,,,,,,,,,,E81,
,,,휴식용 가구,,,,,,,,,,,E81,
,,,,,,,,,,,,,,E81,
,,820.0,업무용 가구,,,,,,,,,,,E81,
,,,,821.0,실험실테이블 선반,FN821,FN821-실험실테이블 선반,○,,1200x990x2000,FN821-실험실테이블 선반 1200x990x2000,APA11,,E81,
,,,,,,,,○,,1500x990x2000,FN821-실험실테이블 선반 1500x990x2000,APA11,,E81,
,,,,,,,,○,,1800x990x2000,FN821-실험실테이블 선반 1800x990x2000,APA11,,E81,
,,,,822.0,실험실테이블 상부장,FN822,FN822-실험실테이블 상부장,○,,1200x990x2000,FN822-실험실테이블 상부장 1200x990x2000,APA11,,E81,
,,,,,,,,○,,1500x990x2000,FN822-실험실테이블 상부장 1500x990x2000,APA11,,E81,
,,,,,,,,○,,1800x990x2000,FN822-실험실테이블 상부장 1800x990x2000,APA11,,E81,
,,,,823.0,실험실테이블 오픈,FN823,FN823-실험실테이블 오픈 단면,○,,1200x750x1000,FN823-실험실테이블 오픈 단면 1200x750x1000,APA11,,E81,
,,,,,,,,○,,1500x750x1000,FN823-실험실테이블 오픈 단면 1500x750x1000,APA11,,E81,
,,,,,,,,○,,1800x750x1000,FN823-실험실테이블 오픈 단면 1800x750x1000,APA11,,E81,
,,,,824.0,실험실테이블 양면,FN824,FN824-실험실테이블 오픈 양면,○,,1200x1500x1000,FN824-실험실테이블 오픈 양면 1200x1500x1000,APA11,,E81,
,,,,,,,,○,,1500x1500x1000,FN824-실험실테이블 오픈 양면 1500x1500x1000,APA11,,E81,
,,,,,,,,○,,1800x1500x1000,FN824-실험실테이블 오픈 양면 1800x1500x1000,APA11,,E81,
,,,,825.0,실험실씽크대,FN825,FN825-실험실씽크대 (냉온수전) TYPE-1,○,,750x750x1250,FN825-실험실씽크대 (냉온수전) TYPE-1 750x750x1250,APA11,,E81,
,,,,,,,,,,,,,,E81,
,,830.0,보관용 가구,,,,,,,,,,,E81,
,,,,831.0,상두대,FN831,FN831-상두대 옷장 일반형,○,,250x600x2200,FN831-상두대 옷장 일반형 250x600x2200,APA,,E81,
,,,,,,,FN831-상두대 옷장 분리형,○,,250x600x2200,FN831-상두대 옷장 분리형 250x600x2200,APA,,E81,
,,,,,,,,,,,,APA,,E81,
,,,,,,,FN831-상두대 낮은형,○,,(일반) 500x500x900,FN831-상두대 낮은형 (일반) 500x500x900,APA,,E81,
,,,,,,,,○,,(일반) 550x600x900,FN831-상두대 낮은형 (일반) 550x600x900,APA,,E81,
,,,,,,,,○,,(냉장고) 500x500x900,FN831-상두대 낮은형 (냉장고) 500x500x900,APA,,E81,
,,,,,,,,○,,(냉장고) 550x600x900,FN831-상두대 낮은형 (냉장고) 550x600x900,APA,,E81,
,,,,,,,FN831-상두대 상부장 A,○,,500x500x1300,FN831-상두대 상부장 A 500x500x1300,APA,,E81,
,,,,,,,,○,,550x600x1300,FN831-상두대 상부장 A 550x600x1300,APA,,E81,
,,,,,,,FN831-상두대 상부장 B,○,,500x500x1300,FN831-상두대 상부장 B 500x500x1300,APA,,E81,
,,,,,,,,○,,550x600x1300,FN831-상두대 상부장 B 550x600x1300,APA,,E81,
,,,,,,,FN831-상두대 A,○,,일반형 500x500x1800,FN831-상두대 A 일반형 500x500x1800,APA,,E81,
,,,,,,,,○,,일반형 550x600x2200,FN831-상두대 A 일반형 550x600x2200,APA,,E81,
,,,,,,,,○,,냉장고형 500x500x1800,FN831-상두대 A 냉장고형 500x500x1800,APA,,E81,
,,,,,,,,○,,냉장고형 550x600x2200,FN831-상두대 A 냉장고형 550x600x2200,APA,,E81,
,,,,,,,FN831-상두대 B,○,,일반형 500x500x1800,FN831-상두대 B 일반형 500x500x1800,APA,,E81,
,,,,,,,,○,,일반형 550x600x2200,FN831-상두대 B 일반형 550x600x2200,APA,,E81,
,,,,,,,,○,,냉장고형 500x500x1800,FN831-상두대 B 냉장고형 500x500x1800,APA,,E81,
,,,,,,,,○,,냉장고형 550x600x2200,FN831-상두대 B 냉장고형 550x600x2200,APA,,E81,
,,,,,,,FN831-상두대 고급형,,,,,APA,,E81,
,,,,,,,,○,,A 하부수납 700x500x1800,FN831-상두대 고급형 A 하부수납 700x500x1800,APA,,E81,
,,,,,,,,○,,A 하부수납 800x600x2200,FN831-상두대 고급형 A 하부수납 800x600x2200,APA,,E81,
,,,,,,,,○,,A 하부냉장고 700x500x1800,FN831-상두대 고급형 A 하부냉장고 700x500x1800,APA,,E81,
,,,,,,,,○,,A 하부냉장고 800x600x2200,FN831-상두대 고급형 A 하부냉장고 800x600x2200,APA,,E81,
,,,,,,,,○,,B 하부수납 700x500x1800,FN831-상두대 고급형 B 하부수납 700x500x1800,APA,,E81,
,,,,,,,,○,,B 하부수납 800x600x2200,FN831-상두대 고급형 B 하부수납 800x600x2200,APA,,E81,
,,,,,,,,○,,B 하부냉장고 700x500x1800,FN831-상두대 고급형 B 하부냉장고 700x500x1800,APA,,E81,
,,,,,,,,○,,B 하부냉장고 800x600x2200,FN831-상두대 고급형 B 하부냉장고 800x600x2200,APA,,E81,
,,,,,,,,,,,,,,E81,
,,,장비,,,,,,,,,,,E81,
,,,,,,,,,,,,,,E81,
FN900,기타 ,,,,,,,,,,,,,E81,
,,,,,,,,,,,,,,E81,
,,,,,,,,,,,,,,,
,,,,,,,,,,,,,,,
,,,,,,,,,,,,,,,
,,,,,,,,,,,,,,,
,,,,,,,                                          ,858,,,,,,,
,,,,,,,                                                               ,,,,,,,,
,,,,,,,,,,,,,,,
,,,,,,,,,,,,,,,
,,,,,,,,,,,,,,,
